studentID,Prelab-result1,Inlab-result1,Prelab-result2,Inlab-result2,Prelab-result3,Inlab-result3,Prelab-result4,Inlab-result4
2053032,9.875,6.895,10.0,10.0,10.0,10.0,9.958333333333334,8.965
2212651,10.0,9.8875,10.0,10.0,10.0,10.0,10.0,9.9625
2212940,9.5,8.25,10.0,10.0,10.0,10.0,9.833333333333334,9.416666666666666
2211069,9.6875,9.1225,10.0,10.0,10.0,10.0,9.895833333333334,9.707500000000001
2110826,10.0,10.0,10.0,10.0,10.0,10.0,10.0,10.0
2110152,10.0,10.0,10.0,10.0,10.0,10.0,10.0,10.0
2052589,10.0,10.0,10.0,10.0,10.0,10.0,10.0,10.0
2011047,8.75,3.5,0.0,0.0,0.0,0.0,2.9166666666666665,1.1666666666666667
2211729,9.8125,9.1825,9.6,10.0,10.0,10.0,9.804166666666667,9.7275
2212075,10.0,9.66,10.0,10.0,10.0,10.0,10.0,9.886666666666667
2211101,10.0,9.9175,10.0,10.0,9.93,10.0,9.976666666666667,9.9725
2211960,8.9375,9.4625,10.0,10.0,10.0,10.0,9.645833333333334,9.820833333333333
2210432,9.625,10.0,9.95,10.0,10.0,10.0,9.858333333333333,10.0
2111700,9.2325,9.3175,10.0,10.0,10.0,10.0,9.744166666666667,9.7725
2112590,9.5,6.35,9.95,9.1175,9.67,10.0,9.706666666666665,8.489166666666668
2052992,9.166666666666666,9.66,10.0,10.0,6.67,10.0,8.612222222222222,9.886666666666667
2213114,10.0,10.0,10.0,10.0,10.0,10.0,10.0,10.0
2212864,9.125,10.0,9.1675,10.0,9.285,10.0,9.1925,10.0
2212421,9.25,10.0,8.89,10.0,0.0,10.0,6.046666666666667,10.0
2210882,10.0,10.0,10.0,10.0,10.0,10.0,10.0,10.0
2210103,9.25,10.0,9.1675,10.0,10.0,10.0,9.4725,10.0
2212209,8.875,9.1675,8.335,0.0,8.645,10.0,8.618333333333334,6.389166666666667
2014815,9.925,7.5,10.0,10.0,10.0,10.0,9.975,9.166666666666666
2212607,6.375,7.855,10.0,10.0,8.57,0.0,8.315,5.951666666666667
2212383,10.0,10.0,10.0,10.0,10.0,10.0,10.0,10.0
2213772,8.92,9.47,10.0,9.95,10.0,10.0,9.64,9.806666666666667
2211954,9.25,10.0,10.0,10.0,10.0,5.125,9.75,8.375
2212083,9.3125,10.0,10.0,10.0,10.0,10.0,9.770833333333334,10.0
2210392,9.75,9.66,10.0,0.0,10.0,10.0,9.916666666666666,6.553333333333334
2210270,10.0,10.0,9.1675,10.0,10.0,10.0,9.7225,10.0
2211651,10.0,10.0,10.0,10.0,10.0,10.0,10.0,10.0
2210830,9.4375,4.6325,10.0,10.0,10.0,10.0,9.8125,8.210833333333333
2052749,9.875,9.3175,9.65,8.75,0.0,10.0,6.508333333333333,9.355833333333335
2212610,8.89,8.75,10.0,10.0,10.0,10.0,9.63,9.583333333333334
2252139,7.5,9.7725,10.0,10.0,10.0,10.0,9.166666666666666,9.924166666666666
2211590,10.0,10.0,10.0,10.0,10.0,10.0,10.0,10.0
2213838,9.875,6.0675,8.2,5.733333333333333,9.285,10.0,9.12,7.266944444444444
2211322,10.0,8.75,10.0,10.0,10.0,10.0,10.0,9.583333333333334
1852443,9.625,9.1825,10.0,10.0,0.0,0.0,6.541666666666667,6.394166666666666
2213656,10.0,10.0,10.0,10.0,10.0,10.0,10.0,10.0
2210501,6.3125,4.25,9.55,10.0,9.57,10.0,8.477500000000001,8.083333333333334
2211491,4.75,0.0,10.0,10.0,10.0,10.0,8.25,6.666666666666667
2210508,9.875,10.0,10.0,10.0,10.0,10.0,9.958333333333334,10.0
1915749,10.0,9.0075,10.0,10.0,10.0,10.0,10.0,9.669166666666667
2252536,9.375,8.91,10.0,10.0,10.0,10.0,9.791666666666666,9.636666666666667
2252775,8.0,8.932500000000001,10.0,10.0,9.5,8.75,9.166666666666666,9.227500000000001
2152500,9.875,9.4325,9.5,10.0,10.0,10.0,9.791666666666666,9.810833333333333
2153888,9.5975,6.0675,10.0,10.0,10.0,9.75,9.865833333333333,8.605833333333333
2252193,9.875,10.0,10.0,10.0,10.0,10.0,9.958333333333334,10.0
2252365,9.875,10.0,10.0,10.0,10.0,10.0,9.958333333333334,10.0
2212871,9.75,8.5,10.0,10.0,10.0,10.0,9.916666666666666,9.5
2252731,3.8333333333333335,5.0,10.0,10.0,0.0,9.875,4.611111111111112,8.291666666666666
2252114,10.0,9.415,9.9,10.0,10.0,10.0,9.966666666666667,9.805
2252381,8.0,10.0,10.0,10.0,10.0,10.0,9.333333333333334,10.0
2211621,10.0,10.0,10.0,10.0,10.0,10.0,10.0,10.0
2252009,10.0,10.0,10.0,10.0,10.0,10.0,10.0,10.0
2252327,10.0,10.0,10.0,10.0,10.0,10.0,10.0,10.0
2213111,9.375,10.0,10.0,10.0,10.0,10.0,9.791666666666666,10.0
2252494,10.0,10.0,10.0,10.0,10.0,10.0,10.0,10.0
2252217,10.0,10.0,10.0,10.0,10.0,10.0,10.0,10.0
2252859,10.0,10.0,10.0,10.0,10.0,10.0,10.0,10.0
2110559,10.0,10.0,10.0,10.0,10.0,10.0,10.0,10.0
2252136,8.875,2.9175,9.85,10.0,10.0,10.0,9.575000000000001,7.639166666666667
2252629,8.69,8.1675,10.0,10.0,10.0,10.0,9.563333333333333,9.389166666666666
2212615,9.875,10.0,10.0,10.0,10.0,10.0,9.958333333333334,10.0
2010044,8.782499999999999,8.78,9.6,9.6675,8.145,10.0,8.8425,9.4825
1913683,6.295,8.645,8.7175,9.95,0.0,10.0,5.004166666666666,9.531666666666666
2211316,9.75,9.9175,9.85,10.0,10.0,10.0,9.866666666666667,9.9725
2252621,10.0,10.0,10.0,10.0,10.0,10.0,10.0,10.0
1910908,8.59,8.295,8.7175,9.6675,10.0,10.0,9.1025,9.320833333333333
2252444,10.0,9.7725,10.0,10.0,10.0,10.0,10.0,9.924166666666666
2211081,10.0,10.0,10.0,10.0,10.0,10.0,10.0,10.0
2220035,10.0,9.7725,10.0,10.0,10.0,10.0,10.0,9.924166666666666
2212896,0.0,0.6666666666666666,0.0,10.0,0.0,0.0,0.0,3.5555555555555554
2252023,9.875,10.0,10.0,10.0,10.0,10.0,9.958333333333334,10.0
1852502,10.0,10.0,10.0,10.0,10.0,10.0,10.0,10.0
2210230,9.875,10.0,6.67,10.0,10.0,10.0,8.848333333333334,10.0
2212362,9.875,10.0,10.0,10.0,10.0,10.0,9.958333333333334,10.0
2252898,10.0,9.66,10.0,10.0,10.0,10.0,10.0,9.886666666666667
2210318,10.0,9.7725,10.0,10.0,10.0,10.0,10.0,9.924166666666666
2211848,10.0,10.0,10.0,10.0,10.0,10.0,10.0,10.0
1913756,10.0,10.0,10.0,10.0,9.285,8.125,9.761666666666667,9.375
2213140,9.75,9.7725,9.95,10.0,10.0,9.94,9.9,9.904166666666667
2011901,8.9175,5.75,10.0,10.0,10.0,10.0,9.639166666666666,8.583333333333334
2210532,9.75,8.4625,9.1675,10.0,9.835,10.0,9.584166666666667,9.487499999999999
2211170,10.0,1.82,10.0,10.0,10.0,10.0,10.0,7.273333333333333
2212982,9.75,9.9175,10.0,10.0,9.855,10.0,9.868333333333334,9.9725
2053372,10.0,10.0,10.0,10.0,10.0,10.0,10.0,10.0
1952610,9.1875,0.0,8.25,0.0,10.0,0.0,9.145833333333334,0.0
2212880,10.0,10.0,10.0,10.0,10.0,10.0,10.0,10.0
2252058,10.0,10.0,10.0,10.0,10.0,10.0,10.0,10.0
2213841,10.0,10.0,10.0,10.0,10.0,10.0,10.0,10.0
2212767,9.375,9.8875,10.0,10.0,10.0,10.0,9.791666666666666,9.9625
2252858,10.0,7.5,10.0,10.0,10.0,9.94,10.0,9.146666666666667
2053437,9.5,10.0,10.0,10.0,0.0,0.0,6.5,6.666666666666667
2210216,9.5,7.8066666666666675,8.8675,10.0,0.0,0.0,6.1225,5.935555555555556
1953046,0.75,0.0,9.55,9.6675,9.285,8.875,6.528333333333333,6.180833333333333
2052821,9.875,8.636666666666667,10.0,10.0,0.0,0.0,6.625,6.2122222222222225
2250009,9.875,10.0,10.0,10.0,10.0,10.0,9.958333333333334,10.0
2252152,7.395,5.223333333333334,8.75,7.9175,10.0,5.0,8.715,6.046944444444445
2252428,10.0,10.0,10.0,10.0,10.0,10.0,10.0,10.0
2252378,10.0,10.0,10.0,10.0,10.0,10.0,10.0,10.0
2252623,10.0,10.0,10.0,10.0,10.0,10.0,10.0,10.0
2252093,1.055,3.4433333333333334,0.0,0.0,0.0,2.75,0.3516666666666666,2.0644444444444443
2252806,9.375,7.586666666666666,10.0,10.0,10.0,10.0,9.791666666666666,9.195555555555556
2252502,10.0,9.5775,9.7,10.0,10.0,10.0,9.9,9.859166666666667
2252803,10.0,10.0,10.0,10.0,10.0,10.0,10.0,10.0
2252808,9.6875,8.62,9.466666666666669,10.0,10.0,10.0,9.718055555555557,9.54
2252222,8.1,9.5,9.75,10.0,10.0,10.0,9.283333333333333,9.833333333333334
2252549,8.4925,6.696666666666666,10.0,10.0,10.0,10.0,9.4975,8.898888888888889
2252938,10.0,10.0,10.0,10.0,10.0,10.0,10.0,10.0
2252647,0.0,0.0,10.0,10.0,10.0,10.0,6.666666666666667,6.666666666666667
2211720,9.875,1.82,8.8675,10.0,0.0,0.0,6.2475,3.94
2252287,9.875,10.0,10.0,10.0,10.0,10.0,9.958333333333334,10.0
2252650,9.75,7.112500000000001,9.1675,10.0,10.0,10.0,9.639166666666666,9.0375
2252742,9.875,10.0,10.0,10.0,10.0,10.0,9.958333333333334,10.0
2252410,10.0,9.9175,10.0,0.0,0.0,0.0,6.666666666666667,3.3058333333333336
2252680,9.47,0.0,0.0,10.0,10.0,10.0,6.489999999999999,6.666666666666667
2252147,9.875,10.0,10.0,10.0,10.0,10.0,9.958333333333334,10.0
2252107,8.166666666666666,0.0,0.0,0.0,0.0,0.0,2.722222222222222,0.0
2252249,9.875,5.565,6.0825,9.1675,8.855,5.75,8.270833333333334,6.827500000000001
2252500,10.0,10.0,10.0,10.0,10.0,10.0,10.0,10.0
2252141,10.0,10.0,10.0,10.0,0.0,0.0,6.666666666666667,6.666666666666667
2252518,9.3125,9.545,10.0,10.0,10.0,10.0,9.770833333333334,9.848333333333334
2252426,0.625,0.0,9.1675,10.0,10.0,9.375,6.5975,6.458333333333333
2252362,10.0,10.0,10.0,10.0,10.0,10.0,10.0,10.0
2252293,10.0,10.0,10.0,10.0,10.0,10.0,10.0,10.0
2252216,9.75,8.182500000000001,7.443333333333332,9.5,0.0,0.0,5.731111111111111,5.894166666666667
2252280,10.0,10.0,10.0,10.0,10.0,10.0,10.0,10.0
2015025,9.1875,8.555,10.0,10.0,10.0,10.0,9.729166666666666,9.518333333333333
2210673,9.0625,9.69,0.0,0.0,10.0,9.75,6.354166666666667,6.4799999999999995
2252753,9.145,5.96,10.0,0.0,10.0,10.0,9.715,5.32
2252493,9.875,10.0,10.0,10.0,10.0,10.0,9.958333333333334,10.0
2013782,9.875,7.955,9.55,0.0,9.43,10.0,9.618333333333334,5.984999999999999
2211625,9.5,10.0,10.0,10.0,10.0,10.0,9.833333333333334,10.0
2252180,10.0,10.0,10.0,10.0,10.0,10.0,10.0,10.0
2252182,9.875,9.9175,10.0,10.0,10.0,10.0,9.958333333333334,9.9725
2252685,9.875,10.0,10.0,10.0,10.0,10.0,9.958333333333334,10.0
2252097,10.0,10.0,10.0,10.0,10.0,10.0,10.0,10.0
2211298,10.0,10.0,10.0,10.0,10.0,10.0,10.0,10.0
2211253,10.0,10.0,10.0,10.0,10.0,10.0,10.0,10.0
2252481,9.75,10.0,10.0,10.0,10.0,10.0,9.916666666666666,10.0
2210535,10.0,10.0,10.0,10.0,10.0,10.0,10.0,10.0
2052171,10.0,9.5825,10.0,10.0,10.0,10.0,10.0,9.860833333333334
2212620,6.39,8.645,6.67,0.0,10.0,10.0,7.6866666666666665,6.215
2113806,9.875,7.479999999999999,9.7,10.0,9.93,10.0,9.834999999999999,9.159999999999998
2110416,10.0,10.0,10.0,10.0,10.0,10.0,10.0,10.0
2115373,10.0,10.0,10.0,10.0,10.0,10.0,10.0,10.0
2210805,9.875,7.5,9.6,10.0,8.145,10.0,9.206666666666667,9.166666666666666
2252059,10.0,10.0,10.0,10.0,10.0,10.0,10.0,10.0
2252286,10.0,10.0,10.0,10.0,10.0,10.0,10.0,10.0
2210574,10.0,10.0,10.0,10.0,10.0,10.0,10.0,10.0
2252419,9.375,10.0,10.0,10.0,10.0,10.0,9.791666666666666,10.0
2213039,5.1675,6.666666666666667,8.8675,10.0,0.0,0.0,4.678333333333334,5.555555555555556
2213964,10.0,10.0,10.0,10.0,10.0,10.0,10.0,10.0
2210871,10.0,10.0,10.0,10.0,10.0,10.0,10.0,10.0
2210749,9.875,9.5775,9.6,10.0,10.0,10.0,9.825000000000001,9.859166666666667
2213059,10.0,10.0,10.0,10.0,10.0,10.0,10.0,10.0
2212804,10.0,9.1225,10.0,10.0,10.0,10.0,10.0,9.707500000000001
2211331,9.5,9.323333333333332,10.0,10.0,10.0,10.0,9.833333333333334,9.774444444444443
2212318,9.9375,10.0,10.0,10.0,10.0,10.0,9.979166666666666,10.0
2110922,9.875,10.0,10.0,10.0,10.0,10.0,9.958333333333334,10.0
2213915,9.875,10.0,10.0,10.0,10.0,10.0,9.958333333333334,10.0
2210671,8.875,5.8725000000000005,9.8,10.0,9.285,10.0,9.32,8.624166666666667
2213133,10.0,10.0,10.0,10.0,10.0,10.0,10.0,10.0
2252065,10.0,10.0,10.0,10.0,10.0,10.0,10.0,10.0
2211022,9.875,9.8875,10.0,10.0,10.0,10.0,9.958333333333334,9.9625
2211937,10.0,10.0,10.0,10.0,10.0,10.0,10.0,10.0
2212285,9.75,8.695,9.95,10.0,10.0,10.0,9.9,9.565
2212285,9.75,8.695,9.95,10.0,10.0,10.0,9.9,9.565
2212285,9.75,8.695,9.95,10.0,10.0,10.0,9.9,9.565
2212285,9.75,8.695,9.95,10.0,10.0,10.0,9.9,9.565
2212285,9.75,8.695,9.95,10.0,10.0,10.0,9.9,9.565
2212285,9.75,8.695,9.95,10.0,10.0,10.0,9.9,9.565
2212285,9.75,8.695,9.95,10.0,10.0,10.0,9.9,9.565
2212285,9.75,8.695,9.95,10.0,10.0,10.0,9.9,9.565
2212285,9.75,8.695,9.95,10.0,10.0,10.0,9.9,9.565
2212285,9.75,8.695,9.95,10.0,10.0,10.0,9.9,9.565
2212285,9.75,8.695,9.95,10.0,10.0,10.0,9.9,9.565
2212285,9.75,8.695,9.95,10.0,10.0,10.0,9.9,9.565
2212285,9.75,8.695,9.95,10.0,10.0,10.0,9.9,9.565
2212285,9.75,8.695,9.95,10.0,10.0,10.0,9.9,9.565
2212285,9.75,8.695,9.95,10.0,10.0,10.0,9.9,9.565
2212285,9.75,8.695,9.95,10.0,10.0,10.0,9.9,9.565
2210762,10.0,9.1225,10.0,10.0,10.0,10.0,10.0,9.707500000000001
2212841,9.75,9.8875,10.0,10.0,10.0,10.0,9.916666666666666,9.9625
2211644,9.375,8.75,8.6675,9.9,10.0,10.0,9.3475,9.549999999999999
2212243,9.875,8.795,10.0,10.0,10.0,10.0,9.958333333333334,9.598333333333334
2212962,6.545,9.5,10.0,10.0,10.0,10.0,8.848333333333334,9.833333333333334
2213997,9.875,9.545,9.6,10.0,9.93,10.0,9.801666666666668,9.848333333333334
2252272,10.0,10.0,10.0,10.0,10.0,10.0,10.0,10.0
2252215,10.0,10.0,10.0,10.0,10.0,10.0,10.0,10.0
2252605,8.8125,10.0,10.0,10.0,10.0,10.0,9.604166666666666,10.0
2252524,10.0,8.75,10.0,10.0,10.0,10.0,10.0,9.583333333333334
2112592,10.0,10.0,8.89,10.0,0.0,10.0,6.296666666666667,10.0
2210814,10.0,10.0,10.0,10.0,0.0,10.0,6.666666666666667,10.0
2211822,9.875,9.9175,10.0,10.0,10.0,10.0,9.958333333333334,9.9725
2211327,10.0,10.0,9.1675,10.0,10.0,10.0,9.7225,10.0
2211856,9.8125,10.0,10.0,10.0,10.0,10.0,9.9375,10.0
2211771,10.0,9.9175,10.0,10.0,10.0,10.0,10.0,9.9725
2210181,8.52,9.133333333333333,8.933333333333334,9.933333333333334,9.285,8.5,8.912777777777778,9.188888888888888
2252027,10.0,9.69,10.0,10.0,10.0,10.0,10.0,9.896666666666667
2211161,9.3125,10.0,10.0,10.0,10.0,10.0,9.770833333333334,10.0
2210777,9.875,9.4625,10.0,10.0,10.0,10.0,9.958333333333334,9.820833333333333
2113271,10.0,6.666666666666667,9.55,10.0,9.285,10.0,9.611666666666666,8.88888888888889
2115321,9.925,8.955,10.0,9.8325,9.93,10.0,9.951666666666666,9.595833333333333
2213711,10.0,10.0,9.1675,10.0,10.0,10.0,9.7225,10.0
2210034,9.875,10.0,10.0,10.0,10.0,10.0,9.958333333333334,10.0
2211144,10.0,6.0,10.0,10.0,10.0,10.0,10.0,8.666666666666666
2252612,10.0,10.0,10.0,10.0,10.0,10.0,10.0,10.0
2213707,9.6875,10.0,10.0,10.0,10.0,10.0,9.895833333333334,10.0
2212781,10.0,10.0,10.0,10.0,10.0,10.0,10.0,10.0
2252001,10.0,10.0,10.0,10.0,10.0,10.0,10.0,10.0
2212656,9.875,9.9175,10.0,10.0,10.0,10.0,9.958333333333334,9.9725
2213307,9.375,9.545,10.0,9.666666666666666,10.0,10.0,9.791666666666666,9.737222222222222
2052750,3.703333333333333,9.4625,9.55,10.0,10.0,10.0,7.751111111111111,9.820833333333333
2252355,9.4375,10.0,10.0,10.0,10.0,10.0,9.8125,10.0
2210612,8.1475,10.0,9.75,10.0,10.0,10.0,9.299166666666666,10.0
2152815,9.875,6.59,10.0,10.0,10.0,10.0,9.958333333333334,8.863333333333333
2213757,10.0,10.0,10.0,10.0,10.0,10.0,10.0,10.0
2213412,9.875,9.8875,10.0,10.0,9.93,10.0,9.935,9.9625
2211844,10.0,10.0,10.0,10.0,10.0,10.0,10.0,10.0
2114831,9.875,7.984999999999999,10.0,10.0,10.0,10.0,9.958333333333334,9.328333333333333
2233164,6.06,0.0,9.85,10.0,10.0,10.0,8.636666666666667,6.666666666666667
1914584,8.067499999999999,3.79,6.665,8.4175,9.785,9.5,8.1725,7.235833333333333
2252606,10.0,10.0,10.0,10.0,10.0,10.0,10.0,10.0
2252415,9.5,10.0,10.0,10.0,10.0,10.0,9.833333333333334,10.0
1752545,7.916666666666667,9.9175,10.0,10.0,9.57,10.0,9.162222222222223,9.9725
2211743,10.0,10.0,10.0,10.0,10.0,10.0,10.0,10.0
2212372,10.0,9.3175,10.0,10.0,10.0,10.0,10.0,9.7725
2252082,9.75,9.4325,10.0,10.0,10.0,10.0,9.916666666666666,9.810833333333333
2213779,9.875,10.0,10.0,10.0,10.0,10.0,9.958333333333334,10.0
2213960,0.0,2.5,10.0,10.0,10.0,10.0,6.666666666666667,7.5
2213316,9.42,8.265,9.85,10.0,10.0,10.0,9.756666666666666,9.421666666666667
2213316,9.42,8.265,9.85,10.0,10.0,10.0,9.756666666666666,9.421666666666667
2213316,9.42,8.265,9.85,10.0,10.0,10.0,9.756666666666666,9.421666666666667
2213316,9.42,8.265,9.85,10.0,10.0,10.0,9.756666666666666,9.421666666666667
2213316,9.42,8.265,9.85,10.0,10.0,10.0,9.756666666666666,9.421666666666667
2213316,9.42,8.265,9.85,10.0,10.0,10.0,9.756666666666666,9.421666666666667
2213316,9.42,8.265,9.85,10.0,10.0,10.0,9.756666666666666,9.421666666666667
2213316,9.42,8.265,9.85,10.0,10.0,10.0,9.756666666666666,9.421666666666667
2213316,9.42,8.265,9.85,10.0,10.0,10.0,9.756666666666666,9.421666666666667
2213316,9.42,8.265,9.85,10.0,10.0,10.0,9.756666666666666,9.421666666666667
2213316,9.42,8.265,9.85,10.0,10.0,10.0,9.756666666666666,9.421666666666667
2213316,9.42,8.265,9.85,10.0,10.0,10.0,9.756666666666666,9.421666666666667
2213316,9.42,8.265,9.85,10.0,10.0,10.0,9.756666666666666,9.421666666666667
2213316,9.42,8.265,9.85,10.0,10.0,10.0,9.756666666666666,9.421666666666667
2213316,9.42,8.265,9.85,10.0,10.0,10.0,9.756666666666666,9.421666666666667
2213316,9.42,8.265,9.85,10.0,10.0,10.0,9.756666666666666,9.421666666666667
2211694,9.875,10.0,10.0,10.0,10.0,10.0,9.958333333333334,10.0
2110513,9.75,9.9175,10.0,10.0,10.0,10.0,9.916666666666666,9.9725
2210381,9.875,10.0,10.0,10.0,10.0,10.0,9.958333333333334,10.0
2252681,9.875,10.0,10.0,10.0,10.0,10.0,9.958333333333334,10.0
2211573,10.0,8.75,10.0,10.0,10.0,10.0,10.0,9.583333333333334
2210251,10.0,9.72,10.0,10.0,10.0,10.0,10.0,9.906666666666666
2212760,9.875,8.182500000000001,10.0,10.0,10.0,10.0,9.958333333333334,9.394166666666667
2212757,9.5625,9.1675,10.0,10.0,10.0,10.0,9.854166666666666,9.7225
2210371,10.0,10.0,10.0,10.0,10.0,10.0,10.0,10.0
2210063,8.875,10.0,8.89,10.0,0.0,9.94,5.921666666666667,9.979999999999999
2212257,10.0,8.75,10.0,10.0,10.0,10.0,10.0,9.583333333333334
2211402,9.295,9.8325,9.9,10.0,10.0,10.0,9.731666666666667,9.944166666666666
2211436,9.3125,5.0,7.3825,5.6175,6.904999999999999,9.375,7.866666666666667,6.664166666666667
2213338,10.0,10.0,10.0,10.0,10.0,10.0,10.0,10.0
2211595,9.2425,10.0,9.65,10.0,10.0,10.0,9.630833333333333,10.0
1852548,9.0625,1.7766666666666666,10.0,10.0,10.0,10.0,9.6875,7.258888888888889
2210920,9.75,9.205,10.0,10.0,10.0,10.0,9.916666666666666,9.735
2212136,9.8125,9.69,10.0,10.0,10.0,10.0,9.9375,9.896666666666667
2152406,10.0,10.0,10.0,10.0,10.0,9.815,10.0,9.938333333333333
2220011,10.0,9.66,10.0,10.0,10.0,10.0,10.0,9.886666666666667
2211824,9.625,10.0,10.0,10.0,10.0,10.0,9.875,10.0
2213982,9.625,10.0,10.0,10.0,10.0,10.0,9.875,10.0
2213255,10.0,6.890000000000001,10.0,10.0,10.0,10.0,10.0,8.963333333333333
2211526,8.68,8.085,9.55,10.0,10.0,10.0,9.41,9.361666666666666
2053105,9.875,10.0,10.0,10.0,10.0,10.0,9.958333333333334,10.0
2252833,10.0,10.0,10.0,10.0,10.0,10.0,10.0,10.0
2252037,9.1875,9.75,10.0,10.0,10.0,10.0,9.729166666666666,9.916666666666666
2211649,10.0,8.0825,10.0,10.0,10.0,10.0,10.0,9.360833333333334
2252547,10.0,3.776666666666667,10.0,9.1675,10.0,10.0,10.0,7.648055555555556
2252478,10.0,0.0,9.95,10.0,10.0,10.0,9.983333333333333,6.666666666666667
2252562,9.3475,9.4175,9.6,9.6675,9.645,10.0,9.530833333333332,9.695
2252189,10.0,10.0,10.0,10.0,10.0,10.0,10.0,10.0
2211583,10.0,9.665,9.9,10.0,10.0,10.0,9.966666666666667,9.888333333333334
2252397,10.0,10.0,10.0,10.0,10.0,10.0,10.0,10.0
2252889,10.0,10.0,10.0,10.0,10.0,10.0,10.0,10.0
2252678,9.0,3.333333333333333,9.6,10.0,10.0,10.0,9.533333333333333,7.777777777777778
2210118,9.875,6.904999999999999,9.9,10.0,10.0,10.0,9.924999999999999,8.968333333333334
2252392,9.8125,10.0,10.0,10.0,10.0,10.0,9.9375,10.0
2014882,3.625,4.6075,9.55,9.1175,9.285,10.0,7.486666666666667,7.908333333333334
2114605,10.0,9.8875,10.0,10.0,10.0,10.0,10.0,9.9625
2252370,7.4925,9.4175,10.0,10.0,10.0,10.0,9.164166666666667,9.805833333333334
2252662,9.4375,5.11,10.0,10.0,10.0,10.0,9.8125,8.37
2252526,10.0,10.0,10.0,10.0,10.0,10.0,10.0,10.0
2252818,7.875,8.16,10.0,10.0,10.0,10.0,9.291666666666666,9.386666666666667
2252720,0.0,9.09,10.0,10.0,10.0,10.0,6.666666666666667,9.696666666666667
2252498,9.8125,6.220000000000001,8.25,10.0,10.0,10.0,9.354166666666666,8.74
2213858,0.75,0.0,0.0,0.0,0.0,0.0,0.25,0.0
2213200,9.125,8.932500000000001,9.85,10.0,10.0,0.0,9.658333333333333,6.310833333333334
2211089,10.0,5.59,10.0,10.0,10.0,10.0,10.0,8.53
2211185,8.875,9.66,9.9,10.0,10.0,10.0,9.591666666666667,9.886666666666667
2151217,10.0,6.672499999999999,10.0,10.0,10.0,10.0,10.0,8.890833333333333
2151217,10.0,6.672499999999999,10.0,10.0,10.0,10.0,10.0,8.890833333333333
2151217,10.0,6.672499999999999,10.0,10.0,10.0,10.0,10.0,8.890833333333333
2151217,10.0,6.672499999999999,10.0,10.0,10.0,10.0,10.0,8.890833333333333
2151217,10.0,6.672499999999999,10.0,10.0,10.0,10.0,10.0,8.890833333333333
2151217,10.0,6.672499999999999,10.0,10.0,10.0,10.0,10.0,8.890833333333333
2151217,10.0,6.672499999999999,10.0,10.0,10.0,10.0,10.0,8.890833333333333
2151217,10.0,6.672499999999999,10.0,10.0,10.0,10.0,10.0,8.890833333333333
2151217,10.0,6.672499999999999,10.0,10.0,10.0,10.0,10.0,8.890833333333333
2151217,10.0,6.672499999999999,10.0,10.0,10.0,10.0,10.0,8.890833333333333
2151217,10.0,6.672499999999999,10.0,10.0,10.0,10.0,10.0,8.890833333333333
2151217,10.0,6.672499999999999,10.0,10.0,10.0,10.0,10.0,8.890833333333333
2151217,10.0,6.672499999999999,10.0,10.0,10.0,10.0,10.0,8.890833333333333
2151217,10.0,6.672499999999999,10.0,10.0,10.0,10.0,10.0,8.890833333333333
2151217,10.0,6.672499999999999,10.0,10.0,10.0,10.0,10.0,8.890833333333333
2151217,10.0,6.672499999999999,10.0,10.0,10.0,10.0,10.0,8.890833333333333
2252229,10.0,10.0,10.0,10.0,10.0,10.0,10.0,10.0
2252168,9.25,10.0,10.0,10.0,10.0,10.0,9.75,10.0
2252897,10.0,10.0,10.0,10.0,10.0,10.0,10.0,10.0
2211777,8.875,8.4175,9.5,9.6675,4.0,10.0,7.458333333333333,9.361666666666666
2252383,8.75,7.609999999999999,9.1,10.0,8.335,6.44,8.728333333333333,8.016666666666667
2212388,6.1625,5.255,10.0,10.0,10.0,10.0,8.720833333333333,8.418333333333333
2210182,10.0,9.3175,10.0,10.0,10.0,10.0,10.0,9.7725
2152442,6.59,10.0,9.55,8.825,0.0,6.75,5.38,8.525
2213676,9.1875,10.0,10.0,10.0,10.0,10.0,9.729166666666666,10.0
2212472,10.0,10.0,10.0,10.0,10.0,10.0,10.0,10.0
2252346,10.0,10.0,10.0,10.0,10.0,10.0,10.0,10.0
2210917,10.0,10.0,10.0,10.0,10.0,10.0,10.0,10.0
2252448,3.37,4.443333333333333,5.1675,8.0,6.67,0.0,5.069166666666667,4.147777777777778
2210915,9.1875,4.0,9.25,10.0,9.355,9.375,9.264166666666666,7.791666666666667
1953087,9.4375,9.9175,10.0,10.0,9.665,10.0,9.700833333333334,9.9725
2212297,9.875,10.0,10.0,10.0,10.0,10.0,9.958333333333334,10.0
2212163,10.0,9.4325,10.0,10.0,10.0,10.0,10.0,9.810833333333333
2211412,10.0,9.09,10.0,10.0,10.0,10.0,10.0,9.696666666666667
2211422,10.0,10.0,10.0,10.0,10.0,10.0,10.0,10.0
2210623,7.785,8.6675,10.0,10.0,10.0,10.0,9.261666666666667,9.555833333333334
2252022,9.875,10.0,10.0,10.0,10.0,10.0,9.958333333333334,10.0
2213686,9.375,8.75,10.0,10.0,10.0,10.0,9.791666666666666,9.583333333333334
2210195,3.625,5.7275,0.0,10.0,10.0,10.0,4.541666666666667,8.575833333333334
2111900,10.0,9.75,9.1675,10.0,10.0,0.0,9.7225,6.583333333333333
2211173,10.0,10.0,10.0,10.0,9.93,10.0,9.976666666666667,10.0
2252265,10.0,10.0,10.0,10.0,10.0,10.0,10.0,10.0
2210908,8.75,10.0,10.0,10.0,10.0,10.0,9.583333333333334,10.0
2213313,9.875,10.0,10.0,10.0,0.0,9.44,6.625,9.813333333333333
2252781,10.0,10.0,10.0,10.0,10.0,10.0,10.0,10.0
2110142,9.375,10.0,0.0,0.0,10.0,10.0,6.458333333333333,6.666666666666667
2211078,9.875,9.5775,10.0,10.0,10.0,10.0,9.958333333333334,9.859166666666667
2213016,1.82,7.223333333333334,6.335,10.0,10.0,10.0,6.051666666666667,9.074444444444444
2211199,6.859999999999999,0.0,6.0175,10.0,9.93,10.0,7.602499999999999,6.666666666666667
2211294,10.0,10.0,10.0,10.0,10.0,10.0,10.0,10.0
2210620,9.675,8.6375,10.0,9.95,9.93,9.5,9.868333333333334,9.362499999999999
2153077,10.0,10.0,10.0,10.0,10.0,10.0,10.0,10.0
2212811,9.875,10.0,10.0,10.0,10.0,10.0,9.958333333333334,10.0
2152866,9.66,10.0,10.0,10.0,10.0,10.0,9.886666666666667,10.0
2213533,9.5,8.735,9.125,8.55,10.0,9.75,9.541666666666666,9.011666666666667
2212534,6.75,5.8325,10.0,0.0,10.0,10.0,8.916666666666666,5.2775
1952960,9.75,8.3275,8.335,9.666666666666666,10.0,10.0,9.361666666666666,9.331388888888888
2213771,5.3325,7.836666666666666,10.0,9.95,9.285,10.0,8.205833333333333,9.262222222222222
2210512,4.859999999999999,8.6225,9.6,10.0,10.0,9.375,8.153333333333334,9.332500000000001
2213720,9.8125,9.09,10.0,10.0,0.0,0.0,6.604166666666667,6.363333333333333
1913516,7.5675,8.395,9.75,8.15,9.645,10.0,8.987499999999999,8.848333333333334
2213187,10.0,9.9175,10.0,10.0,10.0,10.0,10.0,9.9725
2210500,9.8125,9.9175,10.0,10.0,10.0,10.0,9.9375,9.9725
2211850,10.0,10.0,10.0,10.0,10.0,10.0,10.0,10.0
2211635,9.75,10.0,10.0,10.0,10.0,10.0,9.916666666666666,10.0
2213188,1.4,1.25,5.0,10.0,10.0,10.0,5.466666666666666,7.083333333333333
2213370,9.8125,9.75,10.0,10.0,10.0,10.0,9.9375,9.916666666666666
2211452,10.0,10.0,10.0,10.0,10.0,10.0,10.0,10.0
2252521,10.0,10.0,10.0,10.0,10.0,0.0,10.0,6.666666666666667
2210238,10.0,10.0,10.0,10.0,10.0,10.0,10.0,10.0
2213540,9.625,9.696666666666667,10.0,9.6,10.0,10.0,9.875,9.765555555555556
2213012,10.0,10.0,10.0,10.0,10.0,10.0,10.0,10.0
2213455,8.555,8.83,10.0,10.0,10.0,10.0,9.518333333333333,9.61
2212074,9.875,10.0,10.0,10.0,10.0,10.0,9.958333333333334,10.0
2252282,9.875,6.353333333333334,10.0,10.0,10.0,10.0,9.958333333333334,8.784444444444444
2213730,0.0,5.665,10.0,10.0,10.0,10.0,6.666666666666667,8.555
2012957,8.317499999999999,5.363333333333333,10.0,0.0,10.0,10.0,9.439166666666667,5.121111111111111
1952846,10.0,9.66,10.0,10.0,10.0,10.0,10.0,9.886666666666667
2252854,10.0,10.0,10.0,10.0,10.0,10.0,10.0,10.0
2212413,10.0,9.205,10.0,10.0,10.0,10.0,10.0,9.735
2152209,9.875,7.645,10.0,10.0,10.0,10.0,9.958333333333334,9.215
2212481,10.0,10.0,10.0,10.0,10.0,10.0,10.0,10.0
2212023,6.3100000000000005,3.53,6.67,10.0,10.0,10.0,7.66,7.843333333333334
2210694,9.875,10.0,10.0,10.0,10.0,10.0,9.958333333333334,10.0
2210420,10.0,10.0,10.0,10.0,10.0,10.0,10.0,10.0
2213490,0.45,0.25,5.835,10.0,10.0,9.0,5.428333333333334,6.416666666666667
2210935,10.0,10.0,10.0,10.0,10.0,10.0,10.0,10.0
2252013,10.0,10.0,10.0,10.0,10.0,8.75,10.0,9.583333333333334
2212527,10.0,10.0,10.0,10.0,10.0,10.0,10.0,10.0
2252783,0.0,0.0,0.0,0.0,0.0,6.875,0.0,2.2916666666666665
2211894,10.0,10.0,9.95,10.0,10.0,10.0,9.983333333333333,10.0
2212631,9.875,10.0,10.0,10.0,10.0,10.0,9.958333333333334,10.0
2210997,10.0,9.9175,10.0,10.0,10.0,10.0,10.0,9.9725
2211878,9.875,9.75,9.6,10.0,10.0,10.0,9.825000000000001,9.916666666666666
2210425,9.4375,8.333333333333334,6.67,0.0,10.0,10.0,8.7025,6.111111111111112
2211116,9.5,7.5825,9.35,8.25,9.57,8.125,9.473333333333334,7.985833333333333
2213218,10.0,10.0,10.0,10.0,10.0,10.0,10.0,10.0
2210284,9.375,8.6375,10.0,10.0,10.0,10.0,9.791666666666666,9.545833333333333
2211762,5.625,9.9175,10.0,7.9175,10.0,9.375,8.541666666666666,9.07
2210200,9.875,10.0,10.0,10.0,10.0,10.0,9.958333333333334,10.0
2210901,9.75,8.75,10.0,10.0,10.0,10.0,9.916666666666666,9.583333333333334
2212063,9.5,10.0,10.0,10.0,10.0,10.0,9.833333333333334,10.0
2210707,5.375,9.666666666666666,10.0,10.0,0.0,10.0,5.125,9.888888888888888
2211235,10.0,10.0,10.0,10.0,10.0,10.0,10.0,10.0
2252344,0.0,10.0,10.0,10.0,10.0,10.0,6.666666666666667,10.0
2212288,8.105,4.443333333333333,10.0,10.0,10.0,10.0,9.368333333333334,8.147777777777778
2252472,9.875,10.0,10.0,10.0,10.0,10.0,9.958333333333334,10.0
2210846,10.0,10.0,10.0,10.0,10.0,10.0,10.0,10.0
2212764,9.42,10.0,10.0,10.0,10.0,10.0,9.806666666666667,10.0
2212483,10.0,9.7725,10.0,10.0,10.0,10.0,10.0,9.924166666666666
2210220,5.9325,10.0,10.0,7.9175,0.0,9.375,5.310833333333334,9.0975
2213282,9.8125,9.38,10.0,10.0,10.0,10.0,9.9375,9.793333333333335
2212345,10.0,9.9175,10.0,10.0,10.0,10.0,10.0,9.9725
2213308,9.375,9.545,10.0,10.0,10.0,10.0,9.791666666666666,9.848333333333334
2212104,9.75,9.75,10.0,10.0,10.0,10.0,9.916666666666666,9.916666666666666
2212825,10.0,10.0,10.0,10.0,10.0,10.0,10.0,10.0
2252723,8.0625,7.7275,0.0,0.0,0.0,0.0,2.6875,2.575833333333333
2211862,10.0,10.0,10.0,10.0,10.0,10.0,10.0,10.0
2211228,10.0,10.0,10.0,10.0,10.0,10.0,10.0,10.0
2210754,10.0,10.0,10.0,10.0,10.0,10.0,10.0,10.0
2212021,9.875,10.0,10.0,10.0,10.0,10.0,9.958333333333334,10.0
2213574,8.75,9.8325,10.0,9.8325,10.0,9.375,9.583333333333334,9.68
2014586,8.8,8.333333333333334,10.0,0.0,0.0,9.25,6.266666666666667,5.861111111111112
2211927,10.0,9.605,10.0,10.0,10.0,10.0,10.0,9.868333333333334
2211311,10.0,9.545,10.0,10.0,10.0,10.0,10.0,9.848333333333334
2211753,9.6875,8.94,8.6675,10.0,9.93,10.0,9.428333333333333,9.646666666666667
2213331,9.3125,9.235,10.0,10.0,10.0,10.0,9.770833333333334,9.745
2213892,9.375,10.0,9.65,10.0,10.0,10.0,9.674999999999999,10.0
2213381,7.0,3.333333333333333,9.35,10.0,10.0,10.0,8.783333333333333,7.777777777777778
2210737,9.875,9.9175,10.0,10.0,10.0,10.0,9.958333333333334,9.9725
2211190,4.183333333333334,10.0,9.55,10.0,10.0,10.0,7.911111111111111,10.0
2213248,10.0,10.0,10.0,10.0,10.0,10.0,10.0,10.0
2213248,10.0,10.0,10.0,10.0,10.0,10.0,10.0,10.0
2213248,10.0,10.0,10.0,10.0,10.0,10.0,10.0,10.0
2213248,10.0,10.0,10.0,10.0,10.0,10.0,10.0,10.0
2213248,10.0,10.0,10.0,10.0,10.0,10.0,10.0,10.0
2213248,10.0,10.0,10.0,10.0,10.0,10.0,10.0,10.0
2213248,10.0,10.0,10.0,10.0,10.0,10.0,10.0,10.0
2213248,10.0,10.0,10.0,10.0,10.0,10.0,10.0,10.0
2213248,10.0,10.0,10.0,10.0,10.0,10.0,10.0,10.0
2213248,10.0,10.0,10.0,10.0,10.0,10.0,10.0,10.0
2213248,10.0,10.0,10.0,10.0,10.0,10.0,10.0,10.0
2213248,10.0,10.0,10.0,10.0,10.0,10.0,10.0,10.0
2213248,10.0,10.0,10.0,10.0,10.0,10.0,10.0,10.0
2213248,10.0,10.0,10.0,10.0,10.0,10.0,10.0,10.0
2213248,10.0,10.0,10.0,10.0,10.0,10.0,10.0,10.0
2213248,10.0,10.0,10.0,10.0,10.0,10.0,10.0,10.0
2252270,10.0,10.0,10.0,10.0,10.0,10.0,10.0,10.0
2211832,5.5,8.0,10.0,10.0,10.0,0.0,8.5,6.0
2211594,9.875,9.7725,10.0,10.0,10.0,8.75,9.958333333333334,9.5075
2213063,7.4875,7.88,9.8,9.3325,10.0,10.0,9.095833333333333,9.070833333333333
2212918,10.0,10.0,10.0,10.0,10.0,8.125,10.0,9.375
2211793,9.875,10.0,10.0,10.0,10.0,10.0,9.958333333333334,10.0
2213261,9.875,7.445,10.0,10.0,10.0,10.0,9.958333333333334,9.148333333333333
2252822,9.875,6.220000000000001,10.0,10.0,10.0,10.0,9.958333333333334,8.74
2213869,10.0,9.9175,9.6,10.0,10.0,10.0,9.866666666666667,9.9725
2211303,9.625,10.0,10.0,10.0,10.0,10.0,9.875,10.0
2210843,8.407499999999999,9.1675,9.05,10.0,7.855,8.75,8.4375,9.305833333333334
2211288,10.0,10.0,9.9,10.0,10.0,9.375,9.966666666666667,9.791666666666666
2252867,8.625,5.835000000000001,0.0,0.0,10.0,10.0,6.208333333333333,5.278333333333333
2252069,9.875,10.0,9.55,10.0,9.57,10.0,9.665000000000001,10.0
2252121,8.9375,0.0,9.95,0.0,10.0,10.0,9.629166666666666,3.3333333333333335
2212990,9.5,9.22,9.65,10.0,10.0,9.815,9.716666666666667,9.678333333333333
2213175,9.75,10.0,9.75,10.0,10.0,10.0,9.833333333333334,10.0
2252108,9.75,7.5825,10.0,8.333333333333334,10.0,10.0,9.916666666666666,8.63861111111111
2252616,10.0,10.0,9.1675,9.9,10.0,10.0,9.7225,9.966666666666667
2011383,10.0,8.75,8.335,10.0,10.0,10.0,9.445,9.583333333333334
2210522,10.0,10.0,10.0,10.0,10.0,10.0,10.0,10.0
2252782,0.8333333333333334,5.11,10.0,0.0,10.0,9.375,6.9444444444444455,4.828333333333333
2210888,9.2225,10.0,10.0,10.0,10.0,10.0,9.740833333333333,10.0
2213781,6.6975,6.466666666666666,10.0,10.0,10.0,10.0,8.899166666666666,8.822222222222221
1952242,9.375,9.7725,0.0,10.0,9.93,10.0,6.435,9.924166666666666
2212576,8.625,9.8325,10.0,10.0,10.0,10.0,9.541666666666666,9.944166666666666
2210700,10.0,10.0,10.0,10.0,10.0,10.0,10.0,10.0
2211369,10.0,10.0,10.0,10.0,10.0,10.0,10.0,10.0
2113176,9.875,9.89,10.0,10.0,10.0,10.0,9.958333333333334,9.963333333333333
2252654,10.0,10.0,10.0,10.0,10.0,10.0,10.0,10.0
2213524,10.0,10.0,10.0,10.0,10.0,10.0,10.0,10.0
2252102,9.875,10.0,10.0,0.0,9.93,10.0,9.935,6.666666666666667
2210588,9.875,9.1675,10.0,10.0,10.0,0.0,9.958333333333334,6.389166666666667
2212548,9.5,10.0,10.0,10.0,10.0,10.0,9.833333333333334,10.0
2212282,9.6875,9.7725,10.0,10.0,10.0,10.0,9.895833333333334,9.924166666666666
2211383,5.984999999999999,5.9433333333333325,9.65,10.0,10.0,9.875,8.545,8.60611111111111
2053097,9.625,10.0,10.0,10.0,10.0,10.0,9.875,10.0
2211027,9.875,9.235,10.0,10.0,10.0,10.0,9.958333333333334,9.745
2210578,8.5725,9.35,10.0,10.0,10.0,10.0,9.524166666666666,9.783333333333333
2252683,6.9375,8.0225,10.0,10.0,10.0,10.0,8.979166666666666,9.340833333333334
1914806,9.875,9.9175,9.6,10.0,10.0,10.0,9.825000000000001,9.9725
2212601,10.0,6.333333333333333,10.0,10.0,10.0,10.0,10.0,8.777777777777777
2120061,10.0,10.0,10.0,10.0,9.93,8.75,9.976666666666667,9.583333333333334
2212213,9.5,9.6375,9.85,10.0,10.0,10.0,9.783333333333333,9.879166666666666
2210002,9.4375,8.1675,9.55,8.4175,10.0,9.375,9.6625,8.653333333333334
2211476,9.0,10.0,10.0,10.0,10.0,10.0,9.666666666666666,10.0
2210961,10.0,10.0,10.0,10.0,10.0,10.0,10.0,10.0
2211756,9.75,8.84,9.85,10.0,10.0,10.0,9.866666666666667,9.613333333333333
2211873,9.875,8.015,10.0,10.0,10.0,10.0,9.958333333333334,9.338333333333333
2210427,8.41,4.556666666666667,9.65,9.1675,9.285,9.94,9.115,7.888055555555556
2150033,8.75,10.0,10.0,10.0,10.0,10.0,9.583333333333334,10.0
2213013,10.0,10.0,10.0,10.0,10.0,10.0,10.0,10.0
2210348,8.96,0.165,9.55,7.9175,9.57,10.0,9.360000000000001,6.0275
2212222,10.0,10.0,10.0,10.0,10.0,10.0,10.0,10.0
2115232,10.0,10.0,10.0,10.0,10.0,10.0,10.0,10.0
2211734,8.25,9.7725,7.0,10.0,9.67,8.5,8.306666666666667,9.424166666666666
2212497,10.0,9.75,10.0,10.0,10.0,10.0,10.0,9.916666666666666
2212432,9.875,10.0,10.0,10.0,10.0,10.0,9.958333333333334,10.0
2211821,10.0,10.0,10.0,10.0,9.93,10.0,9.976666666666667,10.0
2211212,9.625,10.0,10.0,10.0,10.0,10.0,9.875,10.0
2212540,10.0,10.0,9.95,10.0,10.0,10.0,9.983333333333333,10.0
2252718,6.6875,6.1675,9.7,0.0,10.0,10.0,8.795833333333333,5.389166666666667
2213214,6.833333333333333,7.0,10.0,10.0,10.0,10.0,8.944444444444445,9.0
2213214,6.833333333333333,7.0,10.0,10.0,10.0,10.0,8.944444444444445,9.0
2213214,6.833333333333333,7.0,10.0,10.0,10.0,10.0,8.944444444444445,9.0
2213214,6.833333333333333,7.0,10.0,10.0,10.0,10.0,8.944444444444445,9.0
2213214,6.833333333333333,7.0,10.0,10.0,10.0,10.0,8.944444444444445,9.0
2213214,6.833333333333333,7.0,10.0,10.0,10.0,10.0,8.944444444444445,9.0
2213214,6.833333333333333,7.0,10.0,10.0,10.0,10.0,8.944444444444445,9.0
2213214,6.833333333333333,7.0,10.0,10.0,10.0,10.0,8.944444444444445,9.0
2213214,6.833333333333333,7.0,10.0,10.0,10.0,10.0,8.944444444444445,9.0
2213214,6.833333333333333,7.0,10.0,10.0,10.0,10.0,8.944444444444445,9.0
2213214,6.833333333333333,7.0,10.0,10.0,10.0,10.0,8.944444444444445,9.0
2213214,6.833333333333333,7.0,10.0,10.0,10.0,10.0,8.944444444444445,9.0
2213214,6.833333333333333,7.0,10.0,10.0,10.0,10.0,8.944444444444445,9.0
2213214,6.833333333333333,7.0,10.0,10.0,10.0,10.0,8.944444444444445,9.0
2213214,6.833333333333333,7.0,10.0,10.0,10.0,10.0,8.944444444444445,9.0
2213214,6.833333333333333,7.0,10.0,10.0,10.0,10.0,8.944444444444445,9.0
2211834,10.0,9.66,10.0,10.0,10.0,10.0,10.0,9.886666666666667
2210717,9.875,6.5225,9.75,10.0,9.285,10.0,9.636666666666667,8.840833333333334
2250008,10.0,10.0,10.0,10.0,10.0,10.0,10.0,10.0
2211874,9.75,9.4325,9.85,10.0,9.93,10.0,9.843333333333334,9.810833333333333
2252906,8.719999999999999,7.04,8.7,10.0,9.93,10.0,9.116666666666665,9.013333333333334
2213526,10.0,10.0,10.0,10.0,10.0,10.0,10.0,10.0
2213129,10.0,10.0,10.0,10.0,10.0,10.0,10.0,10.0
2252607,10.0,10.0,10.0,10.0,10.0,10.0,10.0,10.0
2252625,3.375,10.0,10.0,10.0,10.0,10.0,7.791666666666667,10.0
2252385,10.0,9.3175,10.0,10.0,10.0,10.0,10.0,9.7725
2252377,10.0,10.0,10.0,10.0,10.0,10.0,10.0,10.0
2250003,9.875,9.8325,10.0,10.0,10.0,10.0,9.958333333333334,9.944166666666666
2210070,9.875,8.94,9.65,10.0,10.0,10.0,9.841666666666667,9.646666666666667
2252471,10.0,0.0,0.0,10.0,0.0,10.0,3.3333333333333335,6.666666666666667
2252442,9.75,10.0,10.0,0.0,10.0,10.0,9.916666666666666,6.666666666666667
2252360,10.0,10.0,10.0,10.0,10.0,10.0,10.0,10.0
2212700,10.0,10.0,10.0,10.0,10.0,10.0,10.0,10.0
2211111,9.875,9.7725,10.0,10.0,9.93,0.0,9.935,6.590833333333333
2252219,10.0,10.0,10.0,10.0,10.0,10.0,10.0,10.0
2211617,7.91,7.25,9.5,7.26,6.57,5.25,7.993333333333333,6.586666666666666
1952584,9.17,7.0825,8.2675,10.0,10.0,10.0,9.145833333333334,9.0275
2212319,10.0,10.0,10.0,10.0,10.0,10.0,10.0,10.0
1814009,9.1475,9.6475,9.8,10.0,10.0,10.0,9.649166666666668,9.8825
2252411,8.75,6.666666666666667,10.0,10.0,10.0,10.0,9.583333333333334,8.88888888888889
2252508,8.675,6.585,10.0,10.0,10.0,10.0,9.558333333333334,8.861666666666666
2211949,10.0,10.0,10.0,10.0,10.0,10.0,10.0,10.0
2252120,10.0,10.0,10.0,10.0,10.0,10.0,10.0,10.0
2210266,9.875,10.0,10.0,10.0,10.0,10.0,9.958333333333334,10.0
2210129,9.875,9.8325,10.0,10.0,9.285,9.69,9.72,9.840833333333334
2212941,8.0625,2.0,9.6,10.0,8.57,8.75,8.744166666666667,6.916666666666667
2013037,9.875,10.0,10.0,10.0,9.285,6.5,9.72,8.833333333333334
2211045,9.875,10.0,10.0,10.0,10.0,10.0,9.958333333333334,10.0
2014133,2.755,0.0,0.0,0.0,0.0,0.0,0.9183333333333333,0.0
2213951,10.0,10.0,10.0,10.0,10.0,10.0,10.0,10.0
2212003,9.875,10.0,10.0,10.0,10.0,10.0,9.958333333333334,10.0
2252145,9.875,9.7725,10.0,10.0,10.0,10.0,9.958333333333334,9.924166666666666
2053586,9.1875,9.2725,10.0,10.0,10.0,10.0,9.729166666666666,9.7575
2252768,10.0,9.9175,10.0,10.0,10.0,10.0,10.0,9.9725
2212499,7.4175,9.776666666666666,6.67,0.0,0.0,8.75,4.695833333333334,6.175555555555555
2210430,0.5,0.0,7.95,9.1675,9.0,10.0,5.816666666666666,6.389166666666667
2211853,8.8225,6.6675,10.0,10.0,10.0,10.0,9.6075,8.889166666666666
2213867,9.55,10.0,8.89,10.0,10.0,10.0,9.48,10.0
2252274,9.75,9.8325,9.8,10.0,5.0,10.0,8.183333333333334,9.944166666666666
2210722,8.625,7.955,9.65,10.0,10.0,10.0,9.424999999999999,9.318333333333333
2252652,10.0,10.0,10.0,10.0,10.0,10.0,10.0,10.0
2210969,9.875,9.665,10.0,10.0,10.0,10.0,9.958333333333334,9.888333333333334
2212046,9.375,9.2725,9.7,9.6675,9.57,9.375,9.548333333333334,9.438333333333334
2053360,9.1875,8.25,9.6,10.0,10.0,10.0,9.595833333333333,9.416666666666666
2252226,9.875,10.0,10.0,10.0,10.0,10.0,9.958333333333334,10.0
2210277,10.0,10.0,10.0,10.0,10.0,10.0,10.0,10.0
2252113,9.875,7.0825,10.0,10.0,9.835,10.0,9.903333333333334,9.0275
2213515,7.333333333333333,2.0,7.69,7.75,0.0,0.0,5.007777777777778,3.25
2211093,10.0,9.8325,10.0,10.0,10.0,10.0,10.0,9.944166666666666
2252588,10.0,9.9175,10.0,10.0,10.0,10.0,10.0,9.9725
2153951,7.8066666666666675,1.6966666666666663,0.0,10.0,10.0,10.0,5.935555555555556,7.232222222222222
2252449,10.0,10.0,10.0,10.0,10.0,10.0,10.0,10.0
2252842,8.75,10.0,10.0,10.0,10.0,10.0,9.583333333333334,10.0
2252258,8.9475,8.425,0.0,9.666666666666666,10.0,9.375,6.315833333333333,9.155555555555557
2252617,9.875,10.0,10.0,10.0,10.0,10.0,9.958333333333334,10.0
1852465,10.0,10.0,10.0,10.0,10.0,10.0,10.0,10.0
2213609,8.25,8.9775,6.665,10.0,0.0,7.125,4.971666666666667,8.700833333333334
2252339,10.0,9.7725,10.0,10.0,10.0,10.0,10.0,9.924166666666666
2252570,10.0,4.943333333333333,10.0,10.0,10.0,9.94,10.0,8.294444444444444
2252924,9.8475,8.6225,10.0,10.0,10.0,10.0,9.949166666666667,9.540833333333333
2212703,10.0,10.0,10.0,10.0,10.0,10.0,10.0,10.0
2210633,9.875,10.0,10.0,10.0,10.0,10.0,9.958333333333334,10.0
2210332,5.75,0.0,9.1675,10.0,10.0,10.0,8.305833333333334,6.666666666666667
2213506,9.5,10.0,10.0,10.0,10.0,10.0,9.833333333333334,10.0
2211806,7.25,7.83,4.0325,10.0,9.285,6.065,6.855833333333333,7.965
2211724,10.0,10.0,10.0,10.0,10.0,10.0,10.0,10.0
2211724,10.0,10.0,10.0,10.0,10.0,10.0,10.0,10.0
2211724,10.0,10.0,10.0,10.0,10.0,10.0,10.0,10.0
2211724,10.0,10.0,10.0,10.0,10.0,10.0,10.0,10.0
2211724,10.0,10.0,10.0,10.0,10.0,10.0,10.0,10.0
2211724,10.0,10.0,10.0,10.0,10.0,10.0,10.0,10.0
2211724,10.0,10.0,10.0,10.0,10.0,10.0,10.0,10.0
2211724,10.0,10.0,10.0,10.0,10.0,10.0,10.0,10.0
2211724,10.0,10.0,10.0,10.0,10.0,10.0,10.0,10.0
2211724,10.0,10.0,10.0,10.0,10.0,10.0,10.0,10.0
2211724,10.0,10.0,10.0,10.0,10.0,10.0,10.0,10.0
2211724,10.0,10.0,10.0,10.0,10.0,10.0,10.0,10.0
2211724,10.0,10.0,10.0,10.0,10.0,10.0,10.0,10.0
2211724,10.0,10.0,10.0,10.0,10.0,10.0,10.0,10.0
2211724,10.0,10.0,10.0,10.0,10.0,10.0,10.0,10.0
2211724,10.0,10.0,10.0,10.0,10.0,10.0,10.0,10.0
2111898,9.875,10.0,10.0,10.0,0.0,10.0,6.625,10.0
2053427,9.875,9.66,10.0,10.0,10.0,10.0,9.958333333333334,9.886666666666667
2212714,6.5125,8.466666666666667,8.8675,10.0,10.0,10.0,8.459999999999999,9.488888888888889
2211218,8.0625,7.3325,9.75,10.0,10.0,10.0,9.270833333333334,9.110833333333334
2252061,10.0,10.0,10.0,10.0,10.0,10.0,10.0,10.0
2252637,9.875,10.0,10.0,10.0,10.0,10.0,9.958333333333334,10.0
2211015,10.0,10.0,10.0,10.0,10.0,10.0,10.0,10.0
2211015,10.0,10.0,10.0,10.0,10.0,10.0,10.0,10.0
2211015,10.0,10.0,10.0,10.0,10.0,10.0,10.0,10.0
2211015,10.0,10.0,10.0,10.0,10.0,10.0,10.0,10.0
2211015,10.0,10.0,10.0,10.0,10.0,10.0,10.0,10.0
2211015,10.0,10.0,10.0,10.0,10.0,10.0,10.0,10.0
2211015,10.0,10.0,10.0,10.0,10.0,10.0,10.0,10.0
2211015,10.0,10.0,10.0,10.0,10.0,10.0,10.0,10.0
2211015,10.0,10.0,10.0,10.0,10.0,10.0,10.0,10.0
2211015,10.0,10.0,10.0,10.0,10.0,10.0,10.0,10.0
2211015,10.0,10.0,10.0,10.0,10.0,10.0,10.0,10.0
2211015,10.0,10.0,10.0,10.0,10.0,10.0,10.0,10.0
2211015,10.0,10.0,10.0,10.0,10.0,10.0,10.0,10.0
2211015,10.0,10.0,10.0,10.0,10.0,10.0,10.0,10.0
2211015,10.0,10.0,10.0,10.0,10.0,10.0,10.0,10.0
2211015,10.0,10.0,10.0,10.0,10.0,10.0,10.0,10.0
2252034,10.0,10.0,10.0,10.0,10.0,10.0,10.0,10.0
2252379,9.75,10.0,10.0,10.0,10.0,10.0,9.916666666666666,10.0
2212088,10.0,10.0,10.0,10.0,10.0,10.0,10.0,10.0
2212645,9.9375,9.776666666666666,9.1675,10.0,10.0,10.0,9.701666666666666,9.925555555555555
2252002,10.0,6.125,10.0,10.0,10.0,10.0,10.0,8.708333333333334
2252734,10.0,10.0,10.0,10.0,10.0,10.0,10.0,10.0
2210265,10.0,10.0,10.0,10.0,10.0,10.0,10.0,10.0
2212113,4.75,0.0,9.95,10.0,10.0,10.0,8.233333333333333,6.666666666666667
2114749,10.0,10.0,10.0,10.0,10.0,10.0,10.0,10.0
2213426,10.0,10.0,10.0,10.0,10.0,10.0,10.0,10.0
2252153,10.0,10.0,10.0,10.0,10.0,10.0,10.0,10.0
1952410,8.4925,10.0,10.0,10.0,10.0,10.0,9.4975,10.0
1752176,9.875,9.6675,9.55,10.0,10.0,10.0,9.808333333333334,9.889166666666666
1912860,9.3125,10.0,10.0,10.0,10.0,10.0,9.770833333333334,10.0
2214014,0.0,0.0,10.0,8.75,0.0,0.0,3.3333333333333335,2.9166666666666665
1953070,6.75,6.56,9.1675,10.0,10.0,0.0,8.639166666666666,5.52
2252263,10.0,10.0,10.0,10.0,10.0,10.0,10.0,10.0
2213301,10.0,8.03,7.776666666666666,10.0,10.0,10.0,9.258888888888889,9.343333333333334
2211911,10.0,10.0,10.0,10.0,10.0,10.0,10.0,10.0
2252077,8.625,3.223333333333333,10.0,10.0,9.93,10.0,9.518333333333333,7.741111111111111
2014739,5.0,9.205,8.7675,10.0,9.285,10.0,7.684166666666667,9.735
2211509,9.625,10.0,10.0,10.0,10.0,10.0,9.875,10.0
1912324,6.859999999999999,6.609999999999999,9.2,8.2825,9.285,4.5,8.448333333333332,6.464166666666666
2213132,10.0,10.0,10.0,10.0,10.0,10.0,10.0,10.0
2211368,10.0,10.0,10.0,10.0,10.0,10.0,10.0,10.0
2210128,5.0,9.9175,10.0,10.0,10.0,10.0,8.333333333333334,9.9725
2210812,9.75,10.0,10.0,10.0,10.0,10.0,9.916666666666666,10.0
2213810,10.0,9.545,10.0,10.0,0.0,10.0,6.666666666666667,9.848333333333334
2252126,8.1875,3.3325,0.0,0.0,0.0,0.0,2.7291666666666665,1.1108333333333333
2252078,9.62,9.9175,10.0,10.0,10.0,10.0,9.873333333333333,9.9725
2210456,9.875,8.59,10.0,10.0,10.0,10.0,9.958333333333334,9.53
2210456,9.875,8.59,10.0,10.0,10.0,10.0,9.958333333333334,9.53
2210456,9.875,8.59,10.0,10.0,10.0,10.0,9.958333333333334,9.53
2210456,9.875,8.59,10.0,10.0,10.0,10.0,9.958333333333334,9.53
2210456,9.875,8.59,10.0,10.0,10.0,10.0,9.958333333333334,9.53
2210456,9.875,8.59,10.0,10.0,10.0,10.0,9.958333333333334,9.53
2210456,9.875,8.59,10.0,10.0,10.0,10.0,9.958333333333334,9.53
2210456,9.875,8.59,10.0,10.0,10.0,10.0,9.958333333333334,9.53
2210456,9.875,8.59,10.0,10.0,10.0,10.0,9.958333333333334,9.53
2210456,9.875,8.59,10.0,10.0,10.0,10.0,9.958333333333334,9.53
2210456,9.875,8.59,10.0,10.0,10.0,10.0,9.958333333333334,9.53
2210456,9.875,8.59,10.0,10.0,10.0,10.0,9.958333333333334,9.53
2210456,9.875,8.59,10.0,10.0,10.0,10.0,9.958333333333334,9.53
2210456,9.875,8.59,10.0,10.0,10.0,10.0,9.958333333333334,9.53
2210456,9.875,8.59,10.0,10.0,10.0,10.0,9.958333333333334,9.53
2210456,9.875,8.59,10.0,10.0,10.0,10.0,9.958333333333334,9.53
2210055,9.875,9.545,10.0,10.0,10.0,10.0,9.958333333333334,9.848333333333334
2212011,9.5,9.4625,10.0,10.0,10.0,10.0,9.833333333333334,9.820833333333333
2252394,9.875,9.9175,10.0,10.0,10.0,9.94,9.958333333333334,9.9525
2210192,9.75,10.0,10.0,10.0,10.0,10.0,9.916666666666666,10.0
2252376,7.9175,7.9775,9.55,8.75,0.0,9.375,5.822500000000001,8.700833333333334
2211379,9.75,10.0,10.0,10.0,10.0,10.0,9.916666666666666,10.0
2212495,10.0,10.0,10.0,10.0,10.0,10.0,10.0,10.0
2210573,10.0,10.0,10.0,10.0,10.0,10.0,10.0,10.0
2211990,9.285,6.085,9.65,10.0,8.645,9.125,9.193333333333333,8.403333333333334
2211627,10.0,10.0,10.0,10.0,10.0,10.0,10.0,10.0
2011196,9.625,1.9175,8.7175,9.75,0.0,0.0,6.114166666666667,3.8891666666666667
1852312,10.0,10.0,10.0,10.0,10.0,10.0,10.0,10.0
2013565,10.0,9.7725,9.85,10.0,10.0,10.0,9.950000000000001,9.924166666666666
2252190,8.782499999999999,8.15,9.6,10.0,10.0,4.5,9.460833333333333,7.55
2252635,9.385,7.3325,10.0,10.0,10.0,10.0,9.795,9.110833333333334
2212612,10.0,7.6125,10.0,10.0,10.0,10.0,10.0,9.204166666666667
2210429,10.0,3.41,10.0,10.0,0.0,10.0,6.666666666666667,7.803333333333334
2213057,10.0,10.0,10.0,10.0,10.0,10.0,10.0,10.0
2252593,9.495,8.5,10.0,10.0,10.0,10.0,9.831666666666665,9.5
2213786,10.0,2.556666666666666,10.0,10.0,10.0,10.0,10.0,7.518888888888888
2252853,10.0,10.0,10.0,10.0,10.0,10.0,10.0,10.0
2252154,10.0,10.0,10.0,10.0,10.0,10.0,10.0,10.0
2210446,9.6975,10.0,10.0,10.0,10.0,10.0,9.899166666666666,10.0
2211315,9.5,8.045,9.85,10.0,10.0,10.0,9.783333333333333,9.348333333333334
2212865,10.0,10.0,10.0,10.0,9.93,9.94,9.976666666666667,9.979999999999999
2211523,9.875,10.0,10.0,10.0,10.0,10.0,9.958333333333334,10.0
2210437,9.875,10.0,9.75,10.0,10.0,10.0,9.875,10.0
2213356,9.4375,10.0,10.0,10.0,10.0,10.0,9.8125,10.0
2252403,9.875,9.9175,8.75,10.0,10.0,10.0,9.541666666666666,9.9725
2252223,9.875,10.0,10.0,10.0,10.0,10.0,9.958333333333334,10.0
2212009,9.875,9.9175,10.0,10.0,10.0,10.0,9.958333333333334,9.9725
2212452,3.98,9.8325,9.75,10.0,10.0,10.0,7.91,9.944166666666666
2210569,9.875,10.0,10.0,10.0,10.0,10.0,9.958333333333334,10.0
2213795,10.0,9.545,10.0,10.0,10.0,10.0,10.0,9.848333333333334
2211561,9.625,8.2425,10.0,10.0,10.0,10.0,9.875,9.414166666666667
2212085,9.875,9.85,10.0,10.0,10.0,10.0,9.958333333333334,9.950000000000001
2252029,10.0,10.0,10.0,10.0,8.57,10.0,9.523333333333333,10.0
2153538,9.875,10.0,10.0,10.0,10.0,10.0,9.958333333333334,10.0
2213603,9.5625,9.9175,10.0,10.0,10.0,10.0,9.854166666666666,9.9725
2210829,10.0,7.443333333333332,10.0,10.0,10.0,10.0,10.0,9.147777777777778
2212412,10.0,10.0,0.0,10.0,10.0,10.0,6.666666666666667,10.0
2213349,10.0,10.0,10.0,10.0,10.0,10.0,10.0,10.0
2211437,10.0,10.0,10.0,10.0,10.0,10.0,10.0,10.0
2252666,10.0,10.0,10.0,10.0,10.0,10.0,10.0,10.0
1952112,9.75,8.636666666666667,10.0,10.0,0.0,0.0,6.583333333333333,6.2122222222222225
2211909,10.0,10.0,10.0,10.0,10.0,10.0,10.0,10.0
2211287,9.625,10.0,10.0,10.0,10.0,10.0,9.875,10.0
2252351,5.2625,10.0,10.0,10.0,9.835,9.375,8.365833333333333,9.791666666666666
2252717,7.375,10.0,10.0,10.0,10.0,10.0,9.125,10.0
2252887,9.1875,7.5,10.0,10.0,10.0,10.0,9.729166666666666,9.166666666666666
2210105,9.8125,9.8325,10.0,10.0,10.0,10.0,9.9375,9.944166666666666
2252361,10.0,10.0,10.0,10.0,10.0,10.0,10.0,10.0
2252386,9.875,9.1675,10.0,10.0,10.0,10.0,9.958333333333334,9.7225
2213273,10.0,0.0,10.0,9.95,10.0,9.625,10.0,6.5249999999999995
2212747,9.8,9.7725,9.6,9.1175,9.93,10.0,9.776666666666666,9.63
2014732,6.945,1.5750000000000002,9.65,10.0,10.0,5.25,8.865,5.608333333333333
2210207,10.0,9.9175,10.0,10.0,10.0,10.0,10.0,9.9725
2014874,0.0999999999999999,9.1675,10.0,10.0,10.0,10.0,6.7,9.7225
2212564,9.75,10.0,9.1675,10.0,10.0,10.0,9.639166666666666,10.0
2210758,9.875,9.7725,10.0,8.75,10.0,10.0,9.958333333333334,9.5075
2212057,9.875,7.955,10.0,10.0,10.0,10.0,9.958333333333334,9.318333333333333
2211701,6.75,8.5,8.75,10.0,10.0,10.0,8.5,9.5
2213278,9.5,9.9175,9.55,10.0,10.0,10.0,9.683333333333334,9.9725
2212775,1.21,3.94,9.85,10.0,9.285,10.0,6.781666666666666,7.9799999999999995
2211269,8.75,10.0,9.85,10.0,10.0,10.0,9.533333333333333,10.0
2252085,6.5,0.0,10.0,0.0,10.0,10.0,8.833333333333334,3.3333333333333335
2212741,9.875,10.0,10.0,10.0,10.0,10.0,9.958333333333334,10.0
2210731,10.0,10.0,10.0,10.0,10.0,10.0,10.0,10.0
2013879,8.379999999999999,9.7725,10.0,10.0,8.93,10.0,9.103333333333333,9.924166666666666
2113791,10.0,10.0,10.0,10.0,0.0,10.0,6.666666666666667,10.0
2213674,9.1675,9.1675,7.8825,8.4175,9.285,7.314999999999999,8.778333333333334,8.299999999999999
2212980,10.0,10.0,10.0,10.0,10.0,10.0,10.0,10.0
2212949,9.25,9.235,9.5,10.0,10.0,10.0,9.583333333333334,9.745
2213989,8.1875,7.955,0.0,10.0,10.0,8.125,6.0625,8.693333333333333
2210319,10.0,10.0,10.0,10.0,10.0,10.0,10.0,10.0
2213768,6.365,6.5,8.25,10.0,10.0,10.0,8.205,8.833333333333334
2210543,9.875,8.067499999999999,10.0,10.0,10.0,10.0,9.958333333333334,9.355833333333333
2212027,10.0,9.9175,10.0,10.0,10.0,10.0,10.0,9.9725
2210796,9.1175,7.88,9.6,10.0,0.0,10.0,6.239166666666667,9.293333333333333
2211795,10.0,10.0,10.0,10.0,10.0,10.0,10.0,10.0
2211588,10.0,9.66,9.85,10.0,10.0,10.0,9.950000000000001,9.886666666666667
2252694,10.0,9.1675,10.0,10.0,0.0,10.0,6.666666666666667,9.7225
2211629,9.625,10.0,10.0,10.0,10.0,10.0,9.875,10.0
2210022,8.75,9.2125,10.0,10.0,10.0,10.0,9.583333333333334,9.737499999999999
2211527,9.875,9.545,10.0,10.0,10.0,10.0,9.958333333333334,9.848333333333334
2210187,9.875,7.6125,10.0,10.0,7.0,10.0,8.958333333333334,9.204166666666667
2213746,8.875,9.7725,10.0,10.0,10.0,10.0,9.625,9.924166666666666
2213682,9.875,9.8875,10.0,10.0,10.0,10.0,9.958333333333334,9.9625
2210487,9.5625,9.7725,10.0,10.0,10.0,10.0,9.854166666666666,9.924166666666666
2213954,9.625,10.0,10.0,10.0,10.0,10.0,9.875,10.0
2210576,10.0,10.0,10.0,10.0,10.0,8.75,10.0,9.583333333333334
1752241,7.5125,0.6666666666666666,10.0,0.0,9.67,10.0,9.060833333333333,3.5555555555555554
2213078,9.5,8.183333333333334,10.0,0.0,10.0,10.0,9.833333333333334,6.061111111111111
2212429,10.0,9.8875,10.0,10.0,10.0,10.0,10.0,9.9625
2211571,9.875,10.0,10.0,10.0,10.0,10.0,9.958333333333334,10.0
2110278,9.875,9.545,10.0,10.0,10.0,10.0,9.958333333333334,9.848333333333334
2210184,10.0,10.0,10.0,10.0,10.0,10.0,10.0,10.0
2252711,9.5975,10.0,10.0,10.0,10.0,10.0,9.865833333333333,10.0
2211221,10.0,9.9175,10.0,0.0,10.0,10.0,10.0,6.639166666666667
2213287,9.875,10.0,10.0,10.0,10.0,10.0,9.958333333333334,10.0
2213500,9.0,9.7725,10.0,10.0,10.0,10.0,9.666666666666666,9.924166666666666
2210050,9.875,10.0,9.1675,10.0,10.0,9.375,9.680833333333334,9.791666666666666
2252486,9.21,10.0,10.0,10.0,10.0,10.0,9.736666666666666,10.0
2211934,10.0,9.1675,10.0,9.4,10.0,10.0,10.0,9.5225
2211091,10.0,10.0,10.0,10.0,10.0,10.0,10.0,10.0
2214062,8.75,7.9175,8.6,8.75,9.285,7.5,8.878333333333334,8.055833333333334
2212971,4.095,1.7275,10.0,8.3325,10.0,10.0,8.031666666666666,6.6866666666666665
2252125,10.0,10.0,10.0,10.0,10.0,10.0,10.0,10.0
2252149,10.0,8.895,10.0,10.0,10.0,10.0,10.0,9.631666666666666
2213732,9.295,10.0,9.65,10.0,10.0,10.0,9.648333333333333,10.0
2252341,9.1875,1.125,8.75,8.1675,7.45,5.815,8.4625,5.035833333333334
2210116,9.75,9.5775,10.0,10.0,10.0,7.5,9.916666666666666,9.025833333333333
2013055,9.625,9.545,9.7,9.666666666666666,9.855,9.94,9.726666666666667,9.71722222222222
2211460,9.75,10.0,10.0,10.0,10.0,10.0,9.916666666666666,10.0
2211601,8.625,7.636666666666667,9.95,10.0,10.0,10.0,9.525,9.212222222222222
2210205,8.75,10.0,10.0,10.0,10.0,10.0,9.583333333333334,10.0
2211522,10.0,10.0,10.0,10.0,10.0,10.0,10.0,10.0
2210305,10.0,10.0,9.1675,10.0,10.0,10.0,9.7225,10.0
2252225,2.41,1.5566666666666666,0.0,0.0,6.67,5.25,3.026666666666667,2.2688888888888887
2211180,9.375,6.010000000000001,10.0,10.0,0.0,10.0,6.458333333333333,8.67
2213026,10.0,10.0,10.0,10.0,10.0,10.0,10.0,10.0
2211710,10.0,10.0,10.0,10.0,10.0,10.0,10.0,10.0
2252757,10.0,10.0,10.0,10.0,10.0,10.0,10.0,10.0
1911111,9.09,9.6675,9.6,10.0,10.0,10.0,9.563333333333333,9.889166666666666
2212826,10.0,8.78,10.0,10.0,10.0,10.0,10.0,9.593333333333334
2213173,4.125,5.483333333333333,0.0,8.75,10.0,0.0,4.708333333333333,4.7444444444444445
2213086,7.5,10.0,10.0,10.0,0.0,10.0,5.833333333333333,10.0
2210186,10.0,10.0,10.0,10.0,10.0,10.0,10.0,10.0
2213152,8.3475,7.2275,10.0,0.0,10.0,10.0,9.449166666666667,5.7425
2212416,10.0,10.0,10.0,10.0,10.0,10.0,10.0,10.0
2252542,9.375,0.0,10.0,10.0,10.0,10.0,9.791666666666666,6.666666666666667
2210124,2.59,1.9775,6.665,9.1675,9.285,10.0,6.18,7.048333333333333
2213205,10.0,8.75,10.0,10.0,9.285,9.0,9.761666666666667,9.25
2252495,9.7725,9.66,10.0,10.0,10.0,10.0,9.924166666666666,9.886666666666667
2010228,4.9575,8.6675,9.55,9.6675,7.979999999999999,10.0,7.495833333333333,9.445
2252600,7.1850000000000005,0.0,9.5,0.0,0.0,0.0,5.561666666666667,0.0
2115319,9.5625,9.835,10.0,10.0,10.0,10.0,9.854166666666666,9.945
2210183,8.5625,9.545,10.0,10.0,10.0,10.0,9.520833333333334,9.848333333333334
2053622,10.0,10.0,9.1175,0.0,10.0,10.0,9.705833333333333,6.666666666666667
2210078,9.875,10.0,10.0,10.0,10.0,10.0,9.958333333333334,10.0
2252057,9.2425,6.363333333333333,9.6,10.0,0.0,9.375,6.280833333333334,8.579444444444444
2211458,9.75,8.5,8.89,9.75,9.285,10.0,9.308333333333334,9.416666666666666
2252556,10.0,10.0,10.0,10.0,10.0,10.0,10.0,10.0
2252091,9.785,1.4175,9.8,10.0,10.0,8.75,9.861666666666666,6.7225
2211234,8.9375,8.75,10.0,10.0,10.0,10.0,9.645833333333334,9.583333333333334
2212041,9.6475,9.19,9.65,10.0,10.0,10.0,9.765833333333333,9.729999999999999
2053234,10.0,10.0,10.0,10.0,10.0,10.0,10.0,10.0
2152226,8.75,9.546666666666669,10.0,10.0,10.0,10.0,9.583333333333334,9.848888888888888
2213195,1.9575,7.0825,9.466666666666669,0.0,6.785,8.5,6.0697222222222225,5.194166666666667
2213367,9.1125,4.5375,10.0,10.0,9.835,9.625,9.649166666666668,8.054166666666667
2212953,10.0,9.9175,10.0,10.0,10.0,10.0,10.0,9.9725
2252129,10.0,10.0,10.0,10.0,10.0,10.0,10.0,10.0
2152237,9.875,2.165,9.85,0.0,6.67,2.5,8.798333333333334,1.555
2014929,4.7925,10.0,9.95,9.95,10.0,10.0,8.2475,9.983333333333333
2213240,10.0,7.84,10.0,10.0,10.0,10.0,10.0,9.28
2252098,10.0,10.0,10.0,10.0,10.0,10.0,10.0,10.0
2213568,10.0,10.0,10.0,10.0,10.0,10.0,10.0,10.0
2210517,8.125,10.0,10.0,10.0,10.0,10.0,9.375,10.0
2252895,9.8125,6.855,10.0,10.0,10.0,10.0,9.9375,8.951666666666666
2213763,4.2075,6.0,9.7,10.0,9.93,8.25,7.945833333333333,8.083333333333334
2213104,0.0,0.6766666666666667,8.335,10.0,0.0,4.25,2.7783333333333338,4.975555555555555
2213296,8.3975,9.9175,9.6,10.0,10.0,9.625,9.332500000000001,9.8475
2211430,10.0,10.0,10.0,10.0,10.0,10.0,10.0,10.0
2211417,9.875,10.0,10.0,10.0,10.0,10.0,9.958333333333334,10.0
2210290,10.0,10.0,10.0,10.0,10.0,10.0,10.0,10.0
2213994,10.0,10.0,10.0,10.0,9.93,10.0,9.976666666666667,10.0
2211367,10.0,8.545,9.5,9.65,10.0,10.0,9.833333333333334,9.398333333333333
2210209,10.0,10.0,10.0,10.0,10.0,10.0,10.0,10.0
2115287,9.875,10.0,10.0,10.0,10.0,10.0,9.958333333333334,10.0
2252399,9.25,0.0,8.8,9.1675,10.0,10.0,9.35,6.389166666666667
2210572,10.0,10.0,10.0,10.0,10.0,10.0,10.0,10.0
2211047,9.875,10.0,10.0,10.0,10.0,10.0,9.958333333333334,10.0
2111396,9.8125,9.9175,8.89,10.0,10.0,0.0,9.5675,6.639166666666667
2211807,10.0,10.0,10.0,10.0,10.0,10.0,10.0,10.0
2211186,9.875,10.0,10.0,10.0,10.0,10.0,9.958333333333334,10.0
2213459,10.0,10.0,10.0,10.0,10.0,10.0,10.0,10.0
2252333,9.22,7.48,9.85,10.0,10.0,10.0,9.69,9.16
2252304,6.875,9.9175,9.65,9.1675,5.0,9.375,7.175,9.486666666666666
2212507,10.0,9.3175,9.95,10.0,10.0,10.0,9.983333333333333,9.7725
2110271,10.0,10.0,10.0,10.0,10.0,10.0,10.0,10.0
2211612,9.875,10.0,10.0,10.0,10.0,10.0,9.958333333333334,10.0
2212512,9.5,10.0,9.4,10.0,10.0,10.0,9.633333333333333,10.0
2211816,10.0,10.0,10.0,10.0,10.0,10.0,10.0,10.0
2212307,9.75,9.545,9.85,10.0,10.0,10.0,9.866666666666667,9.848333333333334
2252453,9.785,2.0825,8.45,10.0,9.285,9.375,9.173333333333334,7.1525
2052396,8.1175,7.9175,9.55,9.6675,8.855,8.125,8.840833333333334,8.57
2211325,10.0,10.0,10.0,10.0,10.0,10.0,10.0,10.0
2252073,6.9725,5.665,6.6175,0.0,4.145,2.5,5.911666666666666,2.7216666666666662
2210850,9.875,8.2125,10.0,10.0,10.0,10.0,9.958333333333334,9.404166666666667
2212294,9.375,9.545,6.67,10.0,9.93,10.0,8.658333333333333,9.848333333333334
2213117,9.875,9.7725,9.9,9.75,10.0,10.0,9.924999999999999,9.840833333333334
2211606,10.0,10.0,10.0,10.0,10.0,10.0,10.0,10.0
2211158,9.42,9.14,10.0,10.0,10.0,10.0,9.806666666666667,9.713333333333333
2211418,8.75,9.7725,10.0,10.0,3.33,10.0,7.359999999999999,9.924166666666666
2212937,8.625,9.7725,8.799999999999999,10.0,10.0,10.0,9.141666666666666,9.924166666666666
2212935,10.0,10.0,9.5,10.0,10.0,10.0,9.833333333333334,10.0
2211614,10.0,9.295,9.95,9.85,10.0,9.94,9.983333333333333,9.695
2212854,9.625,10.0,10.0,10.0,10.0,10.0,9.875,10.0
2211664,8.4175,5.03,7.467499999999999,9.1675,8.93,5.875,8.271666666666667,6.690833333333334
2210298,10.0,9.295,10.0,10.0,10.0,10.0,10.0,9.765
2211721,9.375,10.0,10.0,10.0,10.0,10.0,9.791666666666666,10.0
2210916,9.875,9.7725,10.0,10.0,10.0,10.0,9.958333333333334,9.924166666666666
1953045,9.5,6.276666666666666,7.05,10.0,10.0,10.0,8.85,8.758888888888889
2110648,9.625,8.75,7.7,0.0,0.0,10.0,5.7749999999999995,6.25
2011592,10.0,8.94,10.0,10.0,9.57,10.0,9.856666666666667,9.646666666666667
2213001,10.0,10.0,10.0,10.0,10.0,10.0,10.0,10.0
2252364,9.75,1.4233333333333331,10.0,10.0,10.0,10.0,9.916666666666666,7.141111111111111
2212798,10.0,9.3175,10.0,10.0,9.93,10.0,9.976666666666667,9.7725
2212822,9.875,9.7725,10.0,10.0,10.0,10.0,9.958333333333334,9.924166666666666
2211349,9.5625,9.7725,9.85,10.0,0.0,10.0,6.470833333333334,9.924166666666666
2213836,9.875,10.0,10.0,10.0,10.0,10.0,9.958333333333334,10.0
2252273,1.665,10.0,10.0,10.0,10.0,10.0,7.221666666666667,10.0
2252224,9.5625,5.806666666666668,10.0,10.0,10.0,10.0,9.854166666666666,8.602222222222222
2013473,9.875,9.7725,9.8,10.0,10.0,10.0,9.891666666666667,9.924166666666666
2211020,8.235,7.223333333333334,8.2325,10.0,0.0,9.625,5.489166666666667,8.949444444444444
2213467,9.375,9.5825,9.75,10.0,10.0,10.0,9.708333333333334,9.860833333333334
2252260,9.875,9.5225,10.0,10.0,10.0,10.0,9.958333333333334,9.840833333333334
2211761,2.5,8.09,8.335,9.123333333333331,0.0,10.0,3.611666666666667,9.07111111111111
2053161,9.9375,8.067499999999999,10.0,10.0,10.0,10.0,9.979166666666666,9.355833333333333
2252903,10.0,10.0,10.0,10.0,10.0,10.0,10.0,10.0
2213243,9.875,10.0,10.0,10.0,10.0,10.0,9.958333333333334,10.0
2252076,8.8675,8.955,8.875,10.0,9.93,10.0,9.224166666666667,9.651666666666666
2210834,9.375,10.0,10.0,10.0,10.0,10.0,9.791666666666666,10.0
2213144,2.875,2.11,10.0,8.75,0.0,10.0,4.291666666666667,6.953333333333333
2212868,9.5,9.9175,9.6,10.0,10.0,10.0,9.700000000000001,9.9725
2213054,10.0,10.0,9.1675,8.7675,10.0,8.75,9.7225,9.1725
2210590,9.875,10.0,8.7675,10.0,0.0,0.0,6.214166666666666,6.666666666666667
2211328,8.625,8.333333333333334,9.466666666666669,10.0,10.0,10.0,9.363888888888889,9.444444444444445
2212059,10.0,10.0,10.0,10.0,10.0,10.0,10.0,10.0
2211194,10.0,10.0,10.0,10.0,10.0,10.0,10.0,10.0
2211035,9.9,10.0,10.0,10.0,10.0,10.0,9.966666666666667,10.0
2211271,9.625,8.4,10.0,10.0,10.0,10.0,9.875,9.466666666666667
2213857,10.0,9.85,10.0,10.0,10.0,10.0,10.0,9.950000000000001
2252116,9.75,10.0,10.0,10.0,10.0,10.0,9.916666666666666,10.0
2211254,10.0,10.0,10.0,10.0,10.0,10.0,10.0,10.0
2214061,10.0,9.7725,10.0,10.0,10.0,10.0,10.0,9.924166666666666
2210583,9.875,8.533333333333333,9.65,8.75,9.57,10.0,9.698333333333332,9.094444444444443
2252096,8.0975,5.5675,9.1675,10.0,10.0,9.94,9.088333333333333,8.5025
2210878,10.0,10.0,0.0,10.0,10.0,10.0,6.666666666666667,10.0
2212995,9.875,7.273333333333333,10.0,10.0,10.0,10.0,9.958333333333334,9.091111111111111
2052464,9.0625,9.665,10.0,10.0,10.0,10.0,9.6875,9.888333333333334
2212263,9.875,10.0,10.0,10.0,10.0,10.0,9.958333333333334,10.0
2210787,5.345,1.7866666666666668,10.0,7.776666666666666,9.48,6.0,8.275,5.187777777777778
2211562,9.5,8.81,7.9175,10.0,0.0,0.0,5.805833333333333,6.2700000000000005
2252881,10.0,10.0,9.1675,10.0,10.0,10.0,9.7225,10.0
2213332,9.625,9.1675,10.0,10.0,10.0,10.0,9.875,9.7225
2252919,8.625,10.0,0.0,9.95,9.285,0.0,5.97,6.6499999999999995
2211299,9.095,8.94,9.85,9.8,10.0,10.0,9.648333333333333,9.58
2211893,9.9375,7.25,9.6,10.0,10.0,8.375,9.845833333333333,8.541666666666666
2212541,6.25,10.0,9.1675,10.0,10.0,10.0,8.4725,10.0
2212942,9.125,9.09,9.4,8.443333333333333,0.0,8.75,6.175,8.761111111111111
2210239,1.36,2.556666666666666,10.0,10.0,2.93,0.0,4.763333333333333,4.185555555555555
2252697,10.0,10.0,10.0,10.0,10.0,10.0,10.0,10.0
2213882,9.4375,8.786666666666667,10.0,10.0,10.0,9.94,9.8125,9.575555555555555
2213549,9.1875,9.565,10.0,10.0,10.0,10.0,9.729166666666666,9.854999999999999
2113786,9.5,0.0,10.0,0.0,0.0,10.0,6.5,3.3333333333333335
2213921,10.0,5.556666666666668,10.0,10.0,10.0,10.0,10.0,8.51888888888889
2211620,10.0,4.5825,10.0,8.3325,7.93,10.0,9.31,7.638333333333333
2212720,9.5625,6.41,10.0,10.0,10.0,10.0,9.854166666666666,8.803333333333333
2213106,2.223333333333333,5.9175,10.0,10.0,10.0,10.0,7.407777777777778,8.639166666666666
2035028,10.0,6.75,9.75,7.9175,10.0,9.75,9.916666666666666,8.139166666666666
2212561,10.0,10.0,10.0,10.0,10.0,10.0,10.0,10.0
2211572,8.805,10.0,10.0,10.0,10.0,10.0,9.601666666666667,10.0
2211709,10.0,10.0,10.0,10.0,10.0,10.0,10.0,10.0
2252899,7.6575,4.585,10.0,10.0,10.0,10.0,9.219166666666666,8.195
2211581,6.5425,8.795,9.0,10.0,10.0,10.0,8.514166666666666,9.598333333333334
2212153,9.875,8.7725,10.0,9.1,0.0,5.0,6.625,7.624166666666667
2110890,10.0,9.545,10.0,10.0,10.0,10.0,10.0,9.848333333333334
2211830,9.833333333333334,7.2275,10.0,10.0,10.0,10.0,9.944444444444445,9.075833333333334
2212761,9.75,10.0,10.0,10.0,0.0,10.0,6.583333333333333,10.0
2213785,10.0,9.09,10.0,10.0,10.0,10.0,10.0,9.696666666666667
2213250,10.0,10.0,10.0,10.0,10.0,10.0,10.0,10.0
2210986,8.370000000000001,10.0,9.75,10.0,10.0,10.0,9.373333333333333,10.0
2252363,10.0,10.0,10.0,10.0,10.0,10.0,10.0,10.0
2052921,8.719999999999999,10.0,8.7175,10.0,9.57,10.0,9.0025,10.0
2252035,9.75,10.0,9.75,9.95,0.0,10.0,6.5,9.983333333333333
2211818,10.0,10.0,10.0,10.0,10.0,10.0,10.0,10.0
2211157,8.285,9.15,10.0,10.0,10.0,10.0,9.428333333333333,9.716666666666667
2213545,10.0,10.0,10.0,10.0,10.0,10.0,10.0,10.0
2110934,10.0,10.0,10.0,10.0,10.0,10.0,10.0,10.0
2212069,5.6875,0.5,10.0,10.0,10.0,10.0,8.5625,6.833333333333333
2210582,6.484999999999999,8.0775,7.932499999999999,10.0,9.93,9.375,8.115833333333333,9.150833333333333
2252914,9.875,10.0,10.0,10.0,10.0,10.0,9.958333333333334,10.0
2211024,10.0,10.0,10.0,10.0,10.0,10.0,10.0,10.0
2212352,10.0,10.0,10.0,10.0,10.0,10.0,10.0,10.0
2210972,9.9375,8.75,9.55,10.0,10.0,10.0,9.829166666666667,9.583333333333334
2213851,9.375,8.75,9.6,9.1175,10.0,10.0,9.658333333333333,9.289166666666667
2213279,0.0,5.91,9.9,10.0,10.0,0.0,6.633333333333333,5.303333333333334
2211670,10.0,7.3325,10.0,10.0,10.0,10.0,10.0,9.110833333333334
2213272,10.0,10.0,10.0,10.0,10.0,10.0,10.0,10.0
2113784,10.0,4.726666666666667,10.0,10.0,10.0,10.0,10.0,8.242222222222223
2212611,10.0,10.0,10.0,10.0,10.0,10.0,10.0,10.0
2211672,10.0,10.0,10.0,10.0,10.0,10.0,10.0,10.0
2213995,10.0,10.0,10.0,10.0,10.0,10.0,10.0,10.0
2252564,9.625,10.0,10.0,10.0,10.0,10.0,9.875,10.0
2213807,10.0,10.0,10.0,10.0,10.0,10.0,10.0,10.0
2210683,9.25,10.0,9.55,10.0,10.0,10.0,9.6,10.0
2252807,10.0,2.835,9.95,10.0,10.0,0.0,9.983333333333333,4.278333333333333
2212643,9.5225,9.4625,9.0175,9.25,5.86,0.0,8.133333333333333,6.2375
2210568,9.5,8.75,10.0,10.0,10.0,10.0,9.833333333333334,9.583333333333334
2213009,2.875,10.0,10.0,10.0,10.0,10.0,7.625,10.0
2211876,8.9375,9.5,9.466666666666669,10.0,10.0,9.375,9.468055555555557,9.625
2213449,9.875,10.0,10.0,10.0,10.0,10.0,9.958333333333334,10.0
2212466,10.0,8.333333333333334,10.0,10.0,10.0,9.44,10.0,9.257777777777777
2211361,9.375,10.0,10.0,10.0,10.0,10.0,9.791666666666666,10.0
2213965,10.0,10.0,10.0,10.0,10.0,10.0,10.0,10.0
2252066,10.0,10.0,10.0,10.0,10.0,10.0,10.0,10.0
2213539,9.4375,10.0,10.0,8.3325,10.0,10.0,9.8125,9.444166666666666
2212787,9.916666666666666,5.0,9.0175,10.0,9.785,10.0,9.573055555555555,8.333333333333334
2213184,8.1875,9.1675,10.0,10.0,10.0,10.0,9.395833333333334,9.7225
2211054,9.75,10.0,8.3325,9.9,10.0,10.0,9.360833333333334,9.966666666666667
2213897,9.0,9.8325,10.0,10.0,10.0,9.375,9.666666666666666,9.735833333333334
2211560,8.056666666666667,3.6666666666666665,9.65,8.75,10.0,10.0,9.235555555555555,7.472222222222221
2211599,8.1675,4.1875,10.0,10.0,10.0,10.0,9.389166666666666,8.0625
2252007,9.75,9.0,10.0,10.0,10.0,10.0,9.916666666666666,9.666666666666666
2213298,10.0,10.0,10.0,10.0,10.0,10.0,10.0,10.0
2250016,10.0,10.0,10.0,10.0,10.0,10.0,10.0,10.0
2213276,10.0,6.1075,10.0,10.0,10.0,10.0,10.0,8.7025
2210714,10.0,10.0,10.0,10.0,10.0,10.0,10.0,10.0
2213226,10.0,10.0,10.0,10.0,10.0,10.0,10.0,10.0
2210626,10.0,7.1225000000000005,10.0,10.0,10.0,10.0,10.0,9.040833333333333
2213765,10.0,10.0,10.0,10.0,10.0,10.0,10.0,10.0
2212571,9.875,10.0,10.0,10.0,10.0,10.0,9.958333333333334,10.0
2211570,10.0,10.0,10.0,10.0,10.0,10.0,10.0,10.0
2213045,9.625,10.0,10.0,10.0,10.0,10.0,9.875,10.0
2213848,9.4375,10.0,10.0,10.0,10.0,10.0,9.8125,10.0
2212629,10.0,9.7725,10.0,10.0,10.0,10.0,10.0,9.924166666666666
2213636,9.625,9.545,10.0,10.0,10.0,10.0,9.875,9.848333333333334
2212657,9.5,9.1675,10.0,10.0,10.0,10.0,9.833333333333334,9.7225
2212036,9.875,9.4325,9.8,10.0,10.0,10.0,9.891666666666667,9.810833333333333
2211648,10.0,10.0,10.0,10.0,10.0,10.0,10.0,10.0
2252936,9.625,10.0,10.0,10.0,10.0,10.0,9.875,10.0
2213038,9.375,2.08,10.0,10.0,10.0,10.0,9.791666666666666,7.359999999999999
2212779,10.0,10.0,10.0,10.0,10.0,9.94,10.0,9.979999999999999
2252722,9.75,10.0,0.0,10.0,10.0,9.375,6.583333333333333,9.791666666666666
2211350,10.0,10.0,9.75,10.0,0.0,10.0,6.583333333333333,10.0
2252416,10.0,10.0,10.0,10.0,10.0,10.0,10.0,10.0
2211472,9.75,10.0,10.0,10.0,10.0,10.0,9.916666666666666,10.0
2211092,8.9375,9.6675,6.365,10.0,0.0,5.25,5.100833333333333,8.305833333333334
2212985,10.0,10.0,10.0,10.0,10.0,10.0,10.0,10.0
2212783,9.875,0.0,7.7,8.35,10.0,10.0,9.191666666666666,6.116666666666667
2212932,9.875,9.7725,10.0,10.0,10.0,10.0,9.958333333333334,9.924166666666666
2252868,9.875,9.605,10.0,10.0,10.0,10.0,9.958333333333334,9.868333333333334
2211219,10.0,8.41,10.0,10.0,10.0,10.0,10.0,9.47
2213428,10.0,10.0,10.0,10.0,10.0,10.0,10.0,10.0
2112762,10.0,10.0,10.0,10.0,10.0,10.0,10.0,10.0
2252100,10.0,8.182500000000001,10.0,10.0,10.0,10.0,10.0,9.394166666666667
2210178,9.625,9.66,9.7,10.0,10.0,10.0,9.775,9.886666666666667
1813842,9.5,2.83,10.0,10.0,10.0,10.0,9.833333333333334,7.609999999999999
2213950,9.75,10.0,10.0,10.0,10.0,10.0,9.916666666666666,10.0
2212922,9.875,10.0,10.0,10.0,10.0,10.0,9.958333333333334,10.0
1915831,9.925,9.875,10.0,10.0,10.0,10.0,9.975,9.958333333333334
2213379,9.875,10.0,10.0,10.0,0.0,10.0,6.625,10.0
2211605,10.0,10.0,10.0,10.0,10.0,10.0,10.0,10.0
2211913,0.0,0.0,9.7,8.0825,10.0,8.625,6.566666666666666,5.569166666666667
2210693,9.625,10.0,10.0,10.0,10.0,10.0,9.875,10.0
2252456,8.1175,10.0,10.0,10.0,10.0,10.0,9.3725,10.0
2213709,5.2525,9.25,9.6,9.6675,10.0,9.375,8.284166666666666,9.430833333333334
2250007,8.305,10.0,8.6675,10.0,9.12,10.0,8.6975,10.0
2211337,9.625,9.8325,10.0,10.0,10.0,10.0,9.875,9.944166666666666
2213671,7.625,10.0,10.0,10.0,10.0,8.375,9.208333333333334,9.458333333333334
2252313,9.75,10.0,10.0,10.0,0.0,10.0,6.583333333333333,10.0
2252586,9.875,10.0,10.0,10.0,10.0,10.0,9.958333333333334,10.0
2212311,7.9175,10.0,10.0,10.0,10.0,8.0,9.305833333333334,9.333333333333334
2212878,9.0,9.9175,10.0,10.0,10.0,10.0,9.666666666666666,9.9725
2212581,6.4575,8.9775,10.0,10.0,10.0,10.0,8.819166666666666,9.659166666666666
2211486,10.0,10.0,10.0,10.0,10.0,10.0,10.0,10.0
2211521,6.4175,4.3133333333333335,8.2675,10.0,10.0,9.375,8.228333333333333,7.896111111111111
2111056,9.625,9.8875,10.0,10.0,10.0,10.0,9.875,9.9625
2252873,10.0,6.3925,0.0,10.0,10.0,10.0,6.666666666666667,8.7975
2212366,7.5,8.75,10.0,10.0,10.0,10.0,9.166666666666666,9.583333333333334
2211048,10.0,3.9175,10.0,9.1675,10.0,9.375,10.0,7.486666666666667
2012592,9.5,10.0,10.0,10.0,10.0,10.0,9.833333333333334,10.0
2211314,7.1875,10.0,10.0,10.0,10.0,10.0,9.0625,10.0
2212147,9.625,9.0825,9.85,10.0,10.0,10.0,9.825000000000001,9.694166666666666
1952623,9.875,10.0,10.0,10.0,10.0,10.0,9.958333333333334,10.0
2213614,10.0,10.0,10.0,10.0,10.0,10.0,10.0,10.0
2252608,10.0,10.0,10.0,10.0,10.0,10.0,10.0,10.0
2153603,7.0,5.926666666666667,6.67,10.0,10.0,10.0,7.890000000000001,8.642222222222221
2212047,6.23,9.393333333333333,6.67,0.0,10.0,10.0,7.633333333333333,6.464444444444443
2212387,9.875,10.0,10.0,10.0,10.0,10.0,9.958333333333334,10.0
2211257,10.0,10.0,10.0,10.0,10.0,9.375,10.0,9.791666666666666
2210423,9.375,10.0,10.0,10.0,10.0,10.0,9.791666666666666,10.0
2210885,10.0,10.0,10.0,10.0,10.0,0.0,10.0,6.666666666666667
2212272,5.8325,8.895,10.0,0.0,10.0,0.0,8.610833333333334,2.965
2210914,9.375,5.706666666666667,10.0,10.0,8.57,9.375,9.315,8.360555555555555
2212956,10.0,9.545,10.0,10.0,10.0,10.0,10.0,9.848333333333334
2212622,10.0,10.0,10.0,10.0,10.0,10.0,10.0,10.0
2252880,9.5,10.0,10.0,10.0,0.0,10.0,6.5,10.0
2212823,10.0,7.8725,10.0,9.1675,0.0,0.0,6.666666666666667,5.68
2213484,10.0,10.0,10.0,10.0,9.93,10.0,9.976666666666667,10.0
2212044,7.875,9.235,10.0,10.0,10.0,10.0,9.291666666666666,9.745
2252352,10.0,10.0,10.0,10.0,10.0,10.0,10.0,10.0
2252019,2.0275,1.265,8.89,10.0,10.0,10.0,6.9725,7.088333333333334
2252006,10.0,10.0,10.0,10.0,10.0,10.0,10.0,10.0
2212142,9.875,10.0,9.6,10.0,10.0,10.0,9.825000000000001,10.0
2210443,9.875,10.0,0.0,10.0,10.0,10.0,6.625,10.0
2252083,10.0,10.0,10.0,0.0,10.0,10.0,10.0,6.666666666666667
2213291,9.75,10.0,10.0,10.0,10.0,10.0,9.916666666666666,10.0
2211133,9.375,9.7725,10.0,10.0,10.0,10.0,9.791666666666666,9.924166666666666
2212717,4.9875,10.0,8.335,7.109999999999999,10.0,10.0,7.774166666666667,9.036666666666667
2211589,9.875,4.0,10.0,10.0,9.215,10.0,9.696666666666667,8.0
2210302,7.035,0.9433333333333334,8.1,10.0,6.904999999999999,10.0,7.346666666666667,6.981111111111112
2013506,6.68,8.3625,10.0,10.0,10.0,10.0,8.893333333333333,9.454166666666667
2210549,9.75,10.0,10.0,10.0,10.0,10.0,9.916666666666666,10.0
2210147,9.875,9.75,10.0,10.0,0.0,10.0,6.625,9.916666666666666
2211657,9.375,10.0,10.0,10.0,10.0,10.0,9.791666666666666,10.0
2252133,9.875,6.1675,8.89,10.0,8.93,0.0,9.231666666666667,5.389166666666667
2212175,8.625,9.7725,10.0,10.0,8.57,10.0,9.065,9.924166666666666
2210736,10.0,10.0,10.0,10.0,10.0,10.0,10.0,10.0
2212019,9.875,8.3325,9.85,10.0,9.285,10.0,9.67,9.444166666666666
2252733,8.75,2.1675,10.0,10.0,9.835,4.625,9.528333333333334,5.5975
2210794,10.0,7.223333333333334,10.0,10.0,10.0,10.0,10.0,9.074444444444444
2213076,0.375,0.96,7.3,10.0,10.0,5.25,5.891666666666667,5.403333333333333
2213046,10.0,10.0,10.0,10.0,10.0,10.0,10.0,10.0
2252038,10.0,10.0,10.0,10.0,10.0,10.0,10.0,10.0
1911478,9.875,9.295,8.4675,9.85,9.715,10.0,9.352500000000001,9.715
2212229,9.25,5.556666666666668,10.0,6.1675,10.0,10.0,9.75,7.241388888888889
2053496,9.125,3.835,9.5,10.0,9.57,0.0,9.398333333333333,4.611666666666667
1952521,9.5,10.0,10.0,10.0,10.0,10.0,9.833333333333334,10.0
2252879,10.0,10.0,10.0,10.0,10.0,10.0,10.0,10.0
2252461,9.875,2.4533333333333336,9.55,10.0,9.835,10.0,9.753333333333334,7.484444444444445
2212988,10.0,7.5,10.0,10.0,10.0,10.0,10.0,9.166666666666666
2252476,9.75,10.0,8.8,8.4525,10.0,9.94,9.516666666666667,9.464166666666666
2211409,9.0625,10.0,9.85,9.5,9.285,10.0,9.399166666666668,9.833333333333334
2213996,10.0,0.11,10.0,10.0,0.0,10.0,6.666666666666667,6.703333333333333
2211991,8.625,8.335,10.0,9.1675,10.0,10.0,9.541666666666666,9.1675
2211441,9.625,10.0,10.0,10.0,0.0,10.0,6.541666666666667,10.0
2210526,8.5,3.7925,10.0,10.0,10.0,10.0,9.5,7.930833333333333
2212777,9.875,9.7725,10.0,10.0,10.0,10.0,9.958333333333334,9.924166666666666
2213544,10.0,0.5,10.0,10.0,10.0,10.0,10.0,6.833333333333333
2212719,8.7375,8.295,8.335,10.0,10.0,10.0,9.024166666666668,9.431666666666667
2152681,9.875,1.97,10.0,10.0,10.0,10.0,9.958333333333334,7.323333333333333
2213050,9.66,8.795,10.0,10.0,10.0,10.0,9.886666666666667,9.598333333333334
2110368,5.98,9.546666666666669,0.0,10.0,0.0,2.75,1.9933333333333334,7.432222222222222
2211237,9.0,8.7875,10.0,10.0,9.57,9.375,9.523333333333333,9.387500000000001
1711419,7.125,9.85,9.5,10.0,10.0,10.0,8.875,9.950000000000001
2211082,9.875,10.0,10.0,10.0,10.0,10.0,9.958333333333334,10.0
2211129,9.75,9.545,10.0,8.25,10.0,10.0,9.916666666666666,9.265
2210352,10.0,10.0,10.0,10.0,10.0,10.0,10.0,10.0
2210718,8.469999999999999,8.120000000000001,9.6,10.0,9.57,9.625,9.213333333333333,9.248333333333333
2212287,10.0,8.8625,10.0,10.0,10.0,10.0,10.0,9.620833333333334
1952544,3.84,0.8733333333333334,8.335,10.0,0.0,7.75,4.058333333333334,6.207777777777778
2212364,10.0,9.5775,10.0,10.0,10.0,10.0,10.0,9.859166666666667
2210185,10.0,9.5775,9.75,10.0,10.0,10.0,9.916666666666666,9.859166666666667
2212094,5.293333333333333,8.7075,9.65,9.55,10.0,10.0,8.314444444444446,9.419166666666667
2213826,6.6875,6.5,10.0,0.0,7.689999999999999,9.375,8.125833333333333,5.291666666666667
1752492,7.125,9.85,9.666666666666666,10.0,10.0,10.0,8.930555555555555,9.950000000000001
2211536,10.0,10.0,10.0,10.0,10.0,10.0,10.0,10.0
2212908,9.75,10.0,10.0,10.0,10.0,10.0,9.916666666666666,10.0
2211899,5.1175,5.9025,10.0,10.0,10.0,10.0,8.3725,8.634166666666667
2013359,9.0575,8.195,9.6,10.0,10.0,10.0,9.5525,9.398333333333333
2213018,7.375,0.0,0.0,8.75,10.0,10.0,5.791666666666667,6.25
2210254,9.7725,9.805,10.0,10.0,10.0,10.0,9.924166666666666,9.935
2211541,9.75,10.0,9.6,10.0,10.0,10.0,9.783333333333333,10.0
2252011,10.0,10.0,10.0,10.0,10.0,10.0,10.0,10.0
2153846,10.0,9.9175,10.0,10.0,0.0,10.0,6.666666666666667,9.9725
2211274,3.875,9.205,8.335,10.0,10.0,10.0,7.403333333333333,9.735
2211378,10.0,10.0,10.0,10.0,10.0,10.0,10.0,10.0
2210845,8.4925,9.7725,7.776666666666666,10.0,10.0,10.0,8.756388888888889,9.924166666666666
2212338,9.25,2.75,10.0,10.0,10.0,0.0,9.75,4.25
2211765,10.0,10.0,10.0,10.0,10.0,10.0,10.0,10.0
2211740,10.0,4.327500000000001,10.0,10.0,10.0,10.0,10.0,8.109166666666667
2210409,6.7925,5.0425,10.0,10.0,10.0,10.0,8.930833333333334,8.3475
2213070,8.125,7.7275,9.1675,10.0,7.145,8.75,8.145833333333334,8.825833333333334
2212168,9.875,9.3175,9.1675,10.0,10.0,10.0,9.680833333333334,9.7725
2214056,9.875,10.0,0.0,0.0,10.0,10.0,6.625,6.666666666666667
2211113,4.7075,4.443333333333333,8.1175,8.7175,6.69,10.0,6.505,7.720277777777778
2210978,5.5,10.0,10.0,10.0,10.0,10.0,8.5,10.0
2152242,10.0,10.0,9.1675,10.0,10.0,10.0,9.7225,10.0
2213061,10.0,9.7725,10.0,10.0,10.0,10.0,10.0,9.924166666666666
2210509,10.0,9.69,10.0,10.0,10.0,10.0,10.0,9.896666666666667
2213963,10.0,10.0,10.0,10.0,10.0,10.0,10.0,10.0
2115391,10.0,10.0,10.0,10.0,10.0,9.94,10.0,9.979999999999999
2252297,9.125,5.04,8.8,10.0,10.0,10.0,9.308333333333334,8.346666666666666
2212135,10.0,10.0,10.0,10.0,10.0,10.0,10.0,10.0
2213846,10.0,10.0,10.0,10.0,10.0,10.0,10.0,10.0
2053359,6.325,7.423333333333333,9.1175,10.0,10.0,10.0,8.480833333333333,9.14111111111111
2213035,10.0,10.0,10.0,10.0,8.335,10.0,9.445,10.0
2213669,9.75,10.0,10.0,10.0,10.0,10.0,9.916666666666666,10.0
2213242,10.0,10.0,9.466666666666669,10.0,10.0,10.0,9.822222222222223,10.0
2112952,6.665,9.9175,10.0,10.0,10.0,10.0,8.888333333333334,9.9725
2212051,6.67,10.0,9.1675,10.0,10.0,10.0,8.612499999999999,10.0
2212766,5.45,9.9175,10.0,10.0,10.0,10.0,8.483333333333333,9.9725
2210450,9.875,9.69,9.6,10.0,9.93,10.0,9.801666666666668,9.896666666666667
2213572,10.0,10.0,10.0,10.0,10.0,10.0,10.0,10.0
2252264,10.0,10.0,10.0,10.0,10.0,10.0,10.0,10.0
2212552,0.0,0.725,9.35,10.0,5.715,9.75,5.0216666666666665,6.825
2252884,8.6125,9.9175,9.55,10.0,10.0,9.375,9.387500000000001,9.764166666666666
2252563,9.625,8.0,10.0,10.0,9.835,10.0,9.82,9.333333333333334
2213491,9.0,8.75,0.0,10.0,10.0,10.0,6.333333333333333,9.583333333333334
2252167,0.3,0.0,10.0,0.0,10.0,0.0,6.766666666666667,0.0
2015088,9.75,10.0,9.55,10.0,8.0,10.0,9.1,10.0
2152935,9.875,2.165,9.85,0.0,8.120000000000001,3.5,9.281666666666668,1.8883333333333334
2010925,9.625,9.4325,9.55,10.0,10.0,10.0,9.725,9.810833333333333
2212870,9.875,10.0,9.6,10.0,9.785,10.0,9.753333333333334,10.0
1952942,10.0,9.333333333333334,10.0,10.0,10.0,10.0,10.0,9.777777777777779
2213292,10.0,10.0,10.0,10.0,10.0,10.0,10.0,10.0
2252639,10.0,9.75,10.0,10.0,10.0,10.0,10.0,9.916666666666666
2212071,10.0,10.0,10.0,10.0,10.0,10.0,10.0,10.0
2211139,9.875,9.9175,10.0,10.0,10.0,10.0,9.958333333333334,9.9725
2210783,9.875,0.0,9.05,9.1675,10.0,10.0,9.641666666666667,6.389166666666667
2210020,1.8275,9.7725,9.75,10.0,10.0,10.0,7.1925,9.924166666666666
1953061,9.875,8.955,10.0,10.0,10.0,10.0,9.958333333333334,9.651666666666666
2252645,9.875,7.5,10.0,10.0,0.0,7.5,6.625,8.333333333333334
2013907,10.0,9.4325,10.0,10.0,10.0,10.0,10.0,9.810833333333333
2213698,8.5,8.2725,0.0,6.665,0.0,0.0,2.8333333333333335,4.979166666666667
2212801,10.0,10.0,10.0,10.0,10.0,10.0,10.0,10.0
2220033,9.75,10.0,10.0,10.0,10.0,10.0,9.916666666666666,10.0
2252845,9.25,7.4625,10.0,10.0,10.0,10.0,9.75,9.154166666666667
2212303,7.5,8.9775,9.55,10.0,10.0,10.0,9.016666666666667,9.659166666666666
2211479,10.0,10.0,10.0,10.0,10.0,10.0,10.0,10.0
2210739,10.0,8.03,9.7,10.0,0.0,0.0,6.566666666666666,6.010000000000001
2211200,9.9375,10.0,9.6,9.6175,9.57,10.0,9.7025,9.8725
2210708,5.166666666666667,8.6375,9.533333333333331,10.0,10.0,10.0,8.233333333333333,9.545833333333333
2210109,6.375,8.055,9.65,0.0,0.0,10.0,5.341666666666666,6.0183333333333335
2252359,9.875,9.1675,9.1675,10.0,10.0,0.0,9.680833333333334,6.389166666666667
2212840,9.9375,2.7566666666666664,9.85,10.0,10.0,10.0,9.929166666666667,7.585555555555556
1952705,0.0,9.9175,9.55,10.0,10.0,10.0,6.516666666666667,9.9725
2252505,10.0,10.0,10.0,10.0,10.0,10.0,10.0,10.0
2213705,6.5675,4.166666666666667,10.0,10.0,10.0,10.0,8.855833333333333,8.055555555555555
2210615,8.23,10.0,9.666666666666666,10.0,8.645,8.125,8.847222222222223,9.375
2212828,10.0,10.0,10.0,10.0,10.0,10.0,10.0,10.0
2213172,10.0,10.0,9.1675,10.0,10.0,10.0,9.7225,10.0
2152821,9.5,9.9175,9.1675,10.0,0.0,10.0,6.2225,9.9725
2213286,8.625,9.7725,9.6,10.0,9.285,10.0,9.17,9.924166666666666
2213659,10.0,10.0,10.0,10.0,10.0,10.0,10.0,10.0
2213659,10.0,10.0,10.0,10.0,10.0,10.0,10.0,10.0
2213659,10.0,10.0,10.0,10.0,10.0,10.0,10.0,10.0
2213659,10.0,10.0,10.0,10.0,10.0,10.0,10.0,10.0
2213659,10.0,10.0,10.0,10.0,10.0,10.0,10.0,10.0
2213659,10.0,10.0,10.0,10.0,10.0,10.0,10.0,10.0
2213659,10.0,10.0,10.0,10.0,10.0,10.0,10.0,10.0
2213659,10.0,10.0,10.0,10.0,10.0,10.0,10.0,10.0
2213659,10.0,10.0,10.0,10.0,10.0,10.0,10.0,10.0
2213659,10.0,10.0,10.0,10.0,10.0,10.0,10.0,10.0
2213659,10.0,10.0,10.0,10.0,10.0,10.0,10.0,10.0
2213659,10.0,10.0,10.0,10.0,10.0,10.0,10.0,10.0
2213659,10.0,10.0,10.0,10.0,10.0,10.0,10.0,10.0
2213659,10.0,10.0,10.0,10.0,10.0,10.0,10.0,10.0
2213659,10.0,10.0,10.0,10.0,10.0,10.0,10.0,10.0
2213659,10.0,10.0,10.0,10.0,10.0,10.0,10.0,10.0
2213775,6.2925,10.0,10.0,10.0,0.0,0.0,5.430833333333333,6.666666666666667
2213683,7.74,7.5,10.0,10.0,0.0,9.815,5.913333333333334,9.104999999999999
2210768,10.0,10.0,10.0,10.0,10.0,10.0,10.0,10.0
2210134,10.0,9.545,8.6,10.0,10.0,10.0,9.533333333333333,9.848333333333334
2213094,0.375,4.455,0.0,7.933333333333334,0.0,9.375,0.125,7.254444444444445
2213860,9.875,9.1225,10.0,10.0,9.86,10.0,9.911666666666667,9.707500000000001
2211538,9.75,10.0,10.0,10.0,10.0,9.375,9.916666666666666,9.791666666666666
2211609,0.0,2.1666666666666665,6.67,10.0,0.0,0.0,2.223333333333333,4.055555555555555
2252614,9.875,9.1675,9.1675,10.0,10.0,10.0,9.680833333333334,9.7225
2210413,10.0,10.0,9.5,10.0,10.0,10.0,9.833333333333334,10.0
2252142,8.215,9.8875,10.0,10.0,10.0,10.0,9.405,9.9625
1910525,9.875,9.3325,9.25,10.0,10.0,10.0,9.708333333333334,9.7775
2113767,6.666666666666667,0.0,0.0,0.0,0.0,2.0,2.2222222222222223,0.6666666666666666
2252118,9.833333333333334,10.0,10.0,10.0,0.0,10.0,6.611111111111112,10.0
2212592,9.875,5.556666666666668,8.75,7.5566666666666675,10.0,10.0,9.541666666666666,7.704444444444445
2252240,9.75,9.7725,9.65,10.0,10.0,10.0,9.799999999999999,9.924166666666666
2252151,6.125,5.0,8.89,10.0,10.0,10.0,8.338333333333333,8.333333333333334
2210244,10.0,9.0375,10.0,10.0,10.0,10.0,10.0,9.679166666666667
2211155,6.25,5.253333333333333,0.0,0.0,0.0,0.0,2.0833333333333335,1.751111111111111
2252460,10.0,10.0,10.0,10.0,10.0,10.0,10.0,10.0
2213293,9.75,10.0,8.335,10.0,10.0,10.0,9.361666666666666,10.0
2211632,10.0,10.0,10.0,10.0,10.0,10.0,10.0,10.0
2210447,9.875,9.4325,0.0,10.0,10.0,10.0,6.625,9.810833333333333
2210140,10.0,10.0,10.0,10.0,10.0,10.0,10.0,10.0
2210589,10.0,8.75,10.0,10.0,10.0,10.0,10.0,9.583333333333334
2213790,0.0,0.2233333333333333,0.0,0.0,0.0,0.0,0.0,0.07444444444444444
2211565,10.0,9.205,10.0,10.0,10.0,9.5,10.0,9.568333333333333
2211556,9.0,7.223333333333334,9.95,10.0,10.0,10.0,9.65,9.074444444444444
2210547,9.875,9.75,9.6,9.6675,0.0,7.5,6.491666666666667,8.9725
2114485,10.0,10.0,10.0,10.0,10.0,10.0,10.0,10.0
2011856,9.75,8.94,8.335,10.0,9.57,10.0,9.218333333333334,9.646666666666667
2211917,10.0,10.0,10.0,10.0,10.0,10.0,10.0,10.0
2213444,10.0,1.99,10.0,10.0,10.0,10.0,10.0,7.330000000000001
2210159,8.0,10.0,9.95,10.0,10.0,9.375,9.316666666666666,9.791666666666666
2211847,9.875,10.0,10.0,10.0,10.0,9.44,9.958333333333334,9.813333333333333
2210053,6.6675,10.0,10.0,10.0,10.0,10.0,8.889166666666666,10.0
2212478,9.875,8.75,10.0,10.0,10.0,10.0,9.958333333333334,9.583333333333334
2252658,10.0,10.0,10.0,10.0,10.0,10.0,10.0,10.0
2212537,7.375,10.0,10.0,10.0,8.645,10.0,8.673333333333334,10.0
2212537,7.375,10.0,10.0,10.0,8.645,10.0,8.673333333333334,10.0
2212537,7.375,10.0,10.0,10.0,8.645,10.0,8.673333333333334,10.0
2212537,7.375,10.0,10.0,10.0,8.645,10.0,8.673333333333334,10.0
2212537,7.375,10.0,10.0,10.0,8.645,10.0,8.673333333333334,10.0
2212537,7.375,10.0,10.0,10.0,8.645,10.0,8.673333333333334,10.0
2212537,7.375,10.0,10.0,10.0,8.645,10.0,8.673333333333334,10.0
2212537,7.375,10.0,10.0,10.0,8.645,10.0,8.673333333333334,10.0
2212537,7.375,10.0,10.0,10.0,8.645,10.0,8.673333333333334,10.0
2212537,7.375,10.0,10.0,10.0,8.645,10.0,8.673333333333334,10.0
2212537,7.375,10.0,10.0,10.0,8.645,10.0,8.673333333333334,10.0
2212537,7.375,10.0,10.0,10.0,8.645,10.0,8.673333333333334,10.0
2212537,7.375,10.0,10.0,10.0,8.645,10.0,8.673333333333334,10.0
2212537,7.375,10.0,10.0,10.0,8.645,10.0,8.673333333333334,10.0
2212537,7.375,10.0,10.0,10.0,8.645,10.0,8.673333333333334,10.0
2212537,7.375,10.0,10.0,10.0,8.645,10.0,8.673333333333334,10.0
2211643,0.0,9.833333333333334,9.666666666666666,10.0,9.93,10.0,6.532222222222221,9.944444444444445
2210581,5.859999999999999,4.0,9.55,10.0,9.665,10.0,8.358333333333333,8.0
2211891,4.875,1.11,0.0,0.0,0.0,0.0,1.625,0.37000000000000005
2213689,0.45,0.3333333333333333,9.1675,10.0,10.0,10.0,6.539166666666667,6.777777777777779
2213064,9.145,7.6125,10.0,10.0,10.0,10.0,9.715,9.204166666666667
2012595,9.37,8.3725,10.0,9.3675,10.0,10.0,9.79,9.246666666666668
2213619,9.8125,9.8325,9.85,10.0,8.785,10.0,9.4825,9.944166666666666
2212535,0.0,2.875,8.7675,9.8325,0.0,8.75,2.9225,7.1525
2210408,10.0,10.0,10.0,10.0,10.0,0.0,10.0,6.666666666666667
2211576,10.0,0.0,8.335,10.0,0.0,10.0,6.111666666666667,6.666666666666667
2211946,10.0,10.0,10.0,10.0,10.0,10.0,10.0,10.0
2211946,10.0,10.0,10.0,10.0,10.0,10.0,10.0,10.0
2211946,10.0,10.0,10.0,10.0,10.0,10.0,10.0,10.0
2211946,10.0,10.0,10.0,10.0,10.0,10.0,10.0,10.0
2211946,10.0,10.0,10.0,10.0,10.0,10.0,10.0,10.0
2211946,10.0,10.0,10.0,10.0,10.0,10.0,10.0,10.0
2211946,10.0,10.0,10.0,10.0,10.0,10.0,10.0,10.0
2211946,10.0,10.0,10.0,10.0,10.0,10.0,10.0,10.0
2211946,10.0,10.0,10.0,10.0,10.0,10.0,10.0,10.0
2211946,10.0,10.0,10.0,10.0,10.0,10.0,10.0,10.0
2211946,10.0,10.0,10.0,10.0,10.0,10.0,10.0,10.0
2211946,10.0,10.0,10.0,10.0,10.0,10.0,10.0,10.0
2211946,10.0,10.0,10.0,10.0,10.0,10.0,10.0,10.0
2211946,10.0,10.0,10.0,10.0,10.0,10.0,10.0,10.0
2211946,10.0,10.0,10.0,10.0,10.0,10.0,10.0,10.0
2211946,10.0,10.0,10.0,10.0,10.0,10.0,10.0,10.0
2211610,9.25,9.22,9.5,8.9175,10.0,10.0,9.583333333333334,9.379166666666668
2213561,9.875,10.0,10.0,10.0,10.0,10.0,9.958333333333334,10.0
2111860,8.75,10.0,10.0,10.0,10.0,10.0,9.583333333333334,10.0
1910955,6.9425,8.3275,6.67,10.0,9.93,10.0,7.8475,9.4425
2213657,0.0,3.72,0.0,6.109999999999999,6.715,10.0,2.2383333333333333,6.609999999999999
2252060,9.875,10.0,10.0,10.0,10.0,10.0,9.958333333333334,10.0
2210667,9.4375,0.0,8.7675,10.0,10.0,10.0,9.401666666666666,6.666666666666667
2252285,10.0,10.0,10.0,10.0,10.0,10.0,10.0,10.0
2252595,10.0,10.0,10.0,10.0,10.0,10.0,10.0,10.0
2252485,8.192499999999999,2.955,8.335,10.0,0.0,0.0,5.509166666666666,4.318333333333333
2250017,9.875,9.8325,9.9,10.0,10.0,9.375,9.924999999999999,9.735833333333334
2113971,8.9475,8.145,9.9,10.0,9.57,10.0,9.4725,9.381666666666666
2210697,0.3333333333333333,9.9175,10.0,9.95,10.0,10.0,6.777777777777779,9.955833333333333
2252761,8.675,8.213333333333333,9.75,10.0,10.0,10.0,9.475,9.404444444444444
2211667,4.16,7.253333333333333,8.25,10.0,8.05,9.25,6.82,8.834444444444445
2252930,9.875,10.0,10.0,10.0,10.0,10.0,9.958333333333334,10.0
2111637,7.87,10.0,10.0,10.0,10.0,10.0,9.290000000000001,10.0
2252937,9.875,10.0,10.0,10.0,10.0,10.0,9.958333333333334,10.0
2212438,9.375,9.75,10.0,10.0,10.0,10.0,9.791666666666666,9.916666666666666
1911890,9.875,9.9175,9.5,10.0,0.0,0.0,6.458333333333333,6.639166666666667
2210335,10.0,8.875,10.0,10.0,10.0,10.0,10.0,9.625
2252328,10.0,9.7725,10.0,10.0,10.0,10.0,10.0,9.924166666666666
2211942,9.75,10.0,0.0,10.0,9.57,10.0,6.44,10.0
2212912,9.5,9.1675,0.0,10.0,8.57,8.125,6.023333333333333,9.0975
2012883,9.0,10.0,10.0,10.0,10.0,10.0,9.666666666666666,10.0
1913669,10.0,10.0,10.0,10.0,10.0,10.0,10.0,10.0
2210505,0.0,2.333333333333333,7.5175,6.166666666666667,0.0,5.25,2.5058333333333334,4.583333333333333
2212588,2.2033333333333336,7.359999999999999,9.95,10.0,10.0,10.0,7.384444444444444,9.12
1915317,9.875,9.6675,9.85,10.0,9.57,9.125,9.765,9.5975
2212549,0.0,0.0,0.0,0.0,0.0,4.5,0.0,1.5
2252045,7.2,0.0,9.1175,10.0,10.0,10.0,8.772499999999999,6.666666666666667
2211384,0.0,2.915,9.6,10.0,9.785,8.125,6.461666666666666,7.013333333333333
2252209,9.166666666666666,0.0,10.0,0.0,10.0,10.0,9.722222222222221,3.3333333333333335
2212698,6.995,7.7275,8.15,9.866666666666667,10.0,0.0,8.381666666666666,5.864722222222222
2210644,3.5,4.443333333333333,8.335,10.0,10.0,10.0,7.278333333333333,8.147777777777778
2015070,6.67,8.4025,9.8,10.0,10.0,10.0,8.823333333333332,9.4675
2252266,10.0,10.0,10.0,10.0,0.0,10.0,6.666666666666667,10.0
2213446,4.166666666666667,9.9175,6.67,10.0,0.0,10.0,3.612222222222222,9.9725
2210264,9.75,9.2425,10.0,10.0,9.93,10.0,9.893333333333333,9.7475
2252628,9.875,10.0,0.0,10.0,5.0,0.0,4.958333333333333,6.666666666666667
2211062,0.0,2.255,6.665,6.109999999999999,0.0,7.5,2.2216666666666667,5.288333333333333
2252080,10.0,10.0,10.0,10.0,0.0,10.0,6.666666666666667,10.0
2252242,10.0,10.0,9.1675,10.0,10.0,10.0,9.7225,10.0
2252294,10.0,10.0,10.0,10.0,0.0,10.0,6.666666666666667,10.0
2252407,10.0,10.0,9.466666666666669,10.0,10.0,10.0,9.822222222222223,10.0
2053246,6.67,7.9175,9.6,9.95,0.0,10.0,5.423333333333333,9.289166666666667
2252441,10.0,9.7725,10.0,9.6675,10.0,0.0,10.0,6.48
2213486,6.25,7.1975,8.7675,7.7,8.855,7.125,7.9575000000000005,7.340833333333333
2252530,9.75,10.0,10.0,10.0,0.0,10.0,6.583333333333333,10.0
2252314,9.875,9.4175,10.0,9.9,10.0,9.94,9.958333333333334,9.7525
2210404,2.96,2.5,0.0,9.95,0.0,0.0,0.9866666666666667,4.1499999999999995
2252610,9.875,10.0,10.0,0.0,10.0,10.0,9.958333333333334,6.666666666666667
2053524,8.925,6.65,9.933333333333334,0.0,10.0,9.75,9.619444444444445,5.466666666666666
2210444,9.5,9.7725,10.0,10.0,10.0,10.0,9.833333333333334,9.924166666666666
2153437,10.0,0.0,10.0,10.0,0.0,0.0,6.666666666666667,3.3333333333333335
2252540,9.666666666666666,9.1675,9.75,10.0,0.0,0.25,6.472222222222221,6.4725
2053048,9.75,9.9175,9.85,10.0,10.0,10.0,9.866666666666667,9.9725
2213323,5.6925,4.0,10.0,10.0,10.0,10.0,8.564166666666667,8.0
2252405,9.875,10.0,10.0,10.0,10.0,10.0,9.958333333333334,10.0
2211835,10.0,9.205,10.0,10.0,10.0,10.0,10.0,9.735
2053106,9.3125,0.0,10.0,0.0,0.0,2.5,6.4375,0.8333333333333334
2252345,10.0,10.0,0.0,0.0,10.0,0.0,6.666666666666667,3.3333333333333335
2211264,4.766666666666667,5.890000000000001,8.89,10.0,8.120000000000001,7.625,7.258888888888889,7.838333333333334
2252604,10.0,9.3175,10.0,9.8325,10.0,6.875,10.0,8.674999999999999
2252458,0.375,8.41,10.0,10.0,10.0,10.0,6.791666666666667,9.47
2211467,9.375,10.0,10.0,10.0,10.0,10.0,9.791666666666666,10.0
2252191,10.0,10.0,10.0,0.0,10.0,10.0,10.0,6.666666666666667
1914251,9.5225,9.1675,9.6,0.0,9.645,10.0,9.589166666666667,6.389166666666667
2012499,9.875,10.0,0.0,10.0,10.0,10.0,6.625,10.0
1952375,8.4375,6.556666666666668,10.0,9.0,0.0,0.0,6.145833333333333,5.185555555555556
2210458,10.0,10.0,10.0,10.0,10.0,9.94,10.0,9.979999999999999
2252886,2.1025,0.0,8.335,10.0,3.33,9.375,4.589166666666666,6.458333333333333
2252578,10.0,9.1675,10.0,10.0,10.0,0.0,10.0,6.389166666666667
2252131,9.375,9.5825,9.5,10.0,10.0,9.94,9.625,9.840833333333334
2052699,10.0,0.0,10.0,10.0,8.645,10.0,9.548333333333334,6.666666666666667
1952266,9.625,6.666666666666667,9.55,9.223333333333334,0.0,7.75,6.391666666666667,7.88
2252250,10.0,0.0,10.0,0.0,0.0,0.0,6.666666666666667,0.0
2252483,6.125,0.0,0.0,0.0,7.145,0.0,4.423333333333333,0.0
2212563,9.25,9.5225,9.55,10.0,0.0,2.5,6.266666666666667,7.340833333333333
2213744,10.0,10.0,10.0,10.0,10.0,10.0,10.0,10.0
2212737,9.875,9.8875,10.0,10.0,10.0,10.0,9.958333333333334,9.9625
2212943,3.33,4.666666666666667,7.776666666666666,10.0,0.0,0.0,3.702222222222222,4.888888888888889
2252016,3.6666666666666665,7.333333333333333,10.0,0.0,4.67,2.5,6.112222222222222,3.2777777777777772
2252646,0.0,0.0825,0.35,0.0,0.0,0.0,0.11666666666666665,0.0275
2213893,0.0,7.59,6.67,10.0,0.0,0.25,2.223333333333333,5.946666666666666
2252235,0.0,6.666666666666667,10.0,9.95,10.0,10.0,6.666666666666667,8.872222222222222
2252157,0.0,5.0,0.0,10.0,0.0,0.0,0.0,5.0
2211087,0.0,1.6666666666666667,9.5,9.5,0.0,0.0,3.1666666666666665,3.722222222222222
2212050,0.0,9.8325,10.0,0.0,0.0,7.5,3.3333333333333335,5.7775
2211454,0.0,8.586666666666666,10.0,10.0,10.0,9.375,6.666666666666667,9.320555555555556
2213999,10.0,8.44,0.0,10.0,0.0,7.5,3.3333333333333335,8.646666666666667
2212157,0.0,10.0,10.0,10.0,10.0,0.0,6.666666666666667,6.666666666666667
2212927,0.0,1.82,9.1,8.6675,0.0,6.25,3.033333333333333,5.579166666666667
2252295,0.0,9.69,0.0,0.0,0.0,0.0,0.0,3.23
2212397,0.0,10.0,10.0,10.0,10.0,5.0,6.666666666666667,8.333333333333334
2210229,0.0,10.0,10.0,9.6675,0.0,2.5,3.3333333333333335,7.389166666666667
2211326,0.0,1.11,9.85,10.0,9.285,10.0,6.378333333333333,7.036666666666666
2211695,0.0,10.0,7.0825,10.0,0.0,10.0,2.3608333333333333,10.0
2212333,0.0,0.3333333333333333,0.0,9.95,10.0,8.0,3.3333333333333335,6.094444444444444
2212040,0.0,9.605,9.7,9.1175,9.57,10.0,6.423333333333333,9.574166666666667
2210658,0.0,9.605,9.7,9.1675,9.57,10.0,6.423333333333333,9.590833333333334
2213357,0.0,5.755,10.0,10.0,10.0,10.0,6.666666666666667,8.584999999999999
2012751,0.0,6.109999999999999,0.0,8.7825,0.0,10.0,0.0,8.2975
2210111,0.0,0.0,0.0,0.0,0.0,0.0,0.0,0.0
2212331,1.5,0.0,0.0,8.823333333333332,10.0,8.75,3.8333333333333335,5.857777777777777
1914847,0.0,9.205,8.7675,10.0,10.0,10.0,6.2558333333333325,9.735
2211153,0.0,0.0,6.67,10.0,0.0,10.0,2.223333333333333,6.666666666666667
2211363,0.0,10.0,10.0,0.0,0.0,7.75,3.3333333333333335,5.916666666666667
2211618,0.0,10.0,8.0325,10.0,10.0,10.0,6.010833333333333,10.0
2211738,6.0,10.0,10.0,10.0,10.0,10.0,8.666666666666666,10.0
2212384,0.0,9.7725,0.0,0.0,0.0,0.0,0.0,3.2575000000000003
1913779,0.0,8.985,9.5,10.0,8.145,9.815,5.881666666666667,9.6
2210179,0.0,8.75,10.0,10.0,10.0,9.75,6.666666666666667,9.5
2211758,0.0,5.166666666666667,0.0,0.0,0.0,0.0,0.0,1.7222222222222223
2210817,0.0,10.0,0.0,9.933333333333334,0.0,10.0,0.0,9.977777777777778
2210412,9.083333333333334,7.805,9.55,8.75,9.765,10.0,9.466111111111111,8.851666666666667
2015036,0.0,8.030000000000001,9.8,10.0,10.0,10.0,6.6000000000000005,9.343333333333334
2213309,0.0,10.0,3.33,9.95,8.57,10.0,3.966666666666667,9.983333333333333
2211006,0.0,10.0,10.0,10.0,10.0,10.0,6.666666666666667,10.0
2252905,0.0,0.0,0.0,0.0,0.0,0.0,0.0,0.0
2152610,0.0,5.15,0.0,7.533333333333334,0.0,0.0,0.0,4.227777777777778
2210077,0.0,10.0,10.0,10.0,10.0,10.0,6.666666666666667,10.0
2252064,0.0,10.0,7.9175,10.0,0.0,0.0,2.6391666666666667,6.666666666666667
2213866,10.0,0.0,0.0,10.0,0.0,0.0,3.3333333333333335,3.3333333333333335
2252809,0.0,0.0,9.1675,7.5,0.0,10.0,3.0558333333333336,5.833333333333333
2213837,0.0,0.0,0.0,10.0,2.33,10.0,0.7766666666666667,6.666666666666667
2211347,0.0,0.0,0.0,10.0,0.0,0.0,0.0,3.3333333333333335
2252656,0.0,0.0,0.0,10.0,8.405000000000001,10.0,2.801666666666667,6.666666666666667
2252909,0.0,0.0,0.0,0.0,0.0,1.88,0.0,0.6266666666666666
2153136,0.0,0.0,0.0,0.0,9.285,0.0,3.095,0.0
2210451,0.0,0.0,0.0,0.0,0.0,0.0,0.0,0.0
